_MEMBER_MyList,_LogP_MyList,GO,_PATTERN_,_RANK_,GiniIndex,Category,CategoryID,Description,PARENT_GO,LogP,Enrichment,Z-score,#TotalGeneInLibrary,#GeneInGO,#GeneInHitList,#GeneInGOAndHitList,%InGO,STDV %InGO,GeneID,Hits,Log(q-value),EvidenceCutoff,GROUP_ID,FirstInGroupByEnrichment,FirstInGroupByLogP,BestLogPInGroup,BestEnrichmentInGroup,URL
1,-14.672180300090485,R-MMU-6798695,M1,1,0,Reactome Gene Sets,6,Neutrophil degranulation,,-14.672180300090485,6.6153055983564455,11.742132610740873,21160,506,177,28,15.819209039548022,2.7429143737424546,11501|12182|12489|12796|13058|13586|13587|13861|14134|14191|14289|16819|17002|17105|17394|17395|18733|19074|19204|20201|20202|56318|67689|68891|69189|78892|223646|240047,Adam8|Bst1|Cd33|Camp|Cybb|Ear1|Ear2|Epx|Fcnb|Fgr|Fpr2|Lcn2|Ltf|Lyz2|Mmp8|Mmp9|Pirb|Prg2|Ptafr|S100a8|S100a9|Acp3|Aldh3b1|Cd177|Mcemp1|Crispld2|Naprt|Mmp25,-10.409824148491793,0,1,1,1,-14.672180300090485,6.6153055983564455,
1,-10.771124133337688,GO:0042742,M1,1,0,GO Biological Processes,19,defense response to bacterium,19_GO:0044419 biological process involved in interspecies interaction between organisms,-10.771124133337688,6.388062276275499,9.902444400163777,21160,393,177,21,11.864406779661017,2.430591904071992,12504|12796|13586|13587|13861|14191|14289|15900|16016|16819|17002|17105|19074|57757|60440|66107|231931|233046|238447|246728|404711,Cd4|Camp|Ear1|Ear2|Epx|Fgr|Fpr2|Irf8|Ighg2b|Lcn2|Ltf|Lyz2|Prg2|Pglyrp2|Iigp1|Wfdc21|Gimap6|Rasgrp4|Igha|Oas2|Ighg2c,-6.809797977402977,0,2,1,1,-10.771124133337688,12.08912588078461,
1,-7.2326613657545495,R-MMU-6803157,M1,1,0,Reactome Gene Sets,6,Antimicrobial peptides,,-7.2326613657545495,12.08912588078461,9.628312011487141,21160,89,177,9,5.084745762711864,1.6512620354151006,12504|12796|13587|16819|17002|17105|20201|20202|57757,Cd4|Camp|Ear2|Lcn2|Ltf|Lyz2|S100a8|S100a9|Pglyrp2,-3.815403254170114,0,2,0,0,-10.771124133337688,12.08912588078461,
1,-3.202262830524937,GO:0002385,M1,1,0,GO Biological Processes,19,mucosal immune response,19_GO:0002376 immune system process,-3.202262830524937,7.289513573101834,5.240946144361851,21160,82,177,5,2.824858757062147,1.2453439810444045,12796|13586|13587|17002|238447,Camp|Ear1|Ear2|Ltf|Igha,-0.7850047189405018,0,2,0,0,-10.771124133337688,12.08912588078461,
1,-3.1164035515088213,GO:0050830,M1,1,0,GO Biological Processes,19,defense response to Gram-positive bacterium,19_GO:0044419 biological process involved in interspecies interaction between organisms,-3.1164035515088213,4.701326731416238,4.554538690327128,21160,178,177,7,3.9548022598870056,1.464918896491827,12796|13586|13587|14191|17002|17105|57757,Camp|Ear1|Ear2|Fgr|Ltf|Lyz2|Pglyrp2,-0.7623100457411429,0,2,0,0,-10.771124133337688,12.08912588078461,
1,-3.107939895592454,GO:0002251,M1,1,0,GO Biological Processes,19,organ or tissue specific immune response,19_GO:0002376 immune system process,-3.107939895592454,6.950466430166865,5.078402973427099,21160,86,177,5,2.824858757062147,1.2453439810444045,12796|13586|13587|17002|238447,Camp|Ear1|Ear2|Ltf|Igha,-0.7623100457411429,0,2,0,0,-10.771124133337688,12.08912588078461,
1,-2.571925292361458,GO:0002227,M1,1,0,GO Biological Processes,19,innate immune response in mucosa,19_GO:0044419 biological process involved in interspecies interaction between organisms,-2.571925292361458,6.930320150659134,4.531630709603616,21160,69,177,4,2.2598870056497176,1.1171028188283647,12796|13586|13587|17002,Camp|Ear1|Ear2|Ltf,-0.46185748514582237,0,2,0,0,-10.771124133337688,12.08912588078461,
1,-2.265460887047571,GO:0050829,M1,1,0,GO Biological Processes,19,defense response to Gram-negative bacterium,19_GO:0044419 biological process involved in interspecies interaction between organisms,-2.265460887047571,4.460747111898137,3.6910025601233363,21160,134,177,5,2.824858757062147,1.2453439810444045,12504|12796|17002|17105|60440,Cd4|Camp|Ltf|Lyz2|Iigp1,-0.25997942973938876,0,2,0,0,-10.771124133337688,12.08912588078461,
1,-8.324866269631338,R-MMU-6799990,M1,1,0,Reactome Gene Sets,6,Metal sequestration by antimicrobial proteins,,-8.324866269631338,119.54802259887006,21.777496013295302,21160,4,177,4,2.2598870056497176,1.1171028188283647,16819|17002|20201|20202,Lcn2|Ltf|S100a8|S100a9,-4.539631372752308,0,3,1,1,-8.324866269631338,119.54802259887006,
1,-3.735831638685727,GO:0007159,M1,1,0,GO Biological Processes,19,leukocyte cell-cell adhesion,19_GO:0009987 cellular process,-3.735831638685727,9.487938301497625,6.196729653462174,21160,63,177,5,2.824858757062147,1.2453439810444045,20201|20202|21825|68891|76905,S100a8|S100a9|Thbs1|Cd177|Lrg1,-1.1266880008623787,0,3,0,0,-8.324866269631338,119.54802259887006,
1,-3.7083621004467764,GO:0070486,M1,1,0,GO Biological Processes,19,leukocyte aggregation,19_GO:0009987 cellular process,-3.7083621004467764,25.61743341404358,8.462391003150527,21160,14,177,3,1.694915254237288,0.9702314585073516,20201|20202|21825,S100a8|S100a9|Thbs1,-1.1223132281033916,0,3,0,0,-8.324866269631338,119.54802259887006,
1,-3.400284136952641,GO:0097237,M1,1,0,GO Biological Processes,19,cellular response to toxic substance,19_GO:0050896 response to stimulus,-3.400284136952641,6.292001189414213,5.203409289000033,21160,114,177,6,3.389830508474576,1.3602344845448682,13861|14871|20201|20202|74104|99382,Epx|Gstt1|S100a8|S100a9|Abcb6|Abtb2,-0.8782906748481926,0,3,0,0,-8.324866269631338,119.54802259887006,
1,-3.2435279160344463,GO:0098754,M1,1,0,GO Biological Processes,19,detoxification,19_GO:0098754 detoxification,-3.2435279160344463,5.879410947485413,4.964156885574981,21160,122,177,6,3.389830508474576,1.3602344845448682,13861|14871|20201|20202|74104|226781,Epx|Gstt1|S100a8|S100a9|Abcb6|Slc30a10,-0.800715699977623,0,3,0,0,-8.324866269631338,119.54802259887006,
1,-3.1544557690311446,GO:0043542,M1,1,0,GO Biological Processes,19,endothelial cell migration,19_GO:0009987 cellular process,-3.1544557690311446,7.115953726123219,5.158342218850375,21160,84,177,5,2.824858757062147,1.2453439810444045,11501|14314|15370|20201|20202,Adam8|Fstl1|Nr4a1|S100a8|S100a9,-0.7642915066870162,0,3,0,0,-8.324866269631338,119.54802259887006,
1,-3.088872019569438,GO:0009636,M1,1,0,GO Biological Processes,19,response to toxic substance,19_GO:0050896 response to stimulus,-3.088872019569438,4.087111883722053,4.361316454017916,21160,234,177,8,4.519774011299435,1.561451309578653,13861|14871|16819|20201|20202|74104|99382|226781,Epx|Gstt1|Lcn2|S100a8|S100a9|Abcb6|Abtb2|Slc30a10,-0.7623100457411429,0,3,0,0,-8.324866269631338,119.54802259887006,
1,-2.9899648370498957,R-MMU-5668599,M1,1,0,Reactome Gene Sets,6,RHO GTPases Activate NADPH Oxidases,,-2.9899648370498957,14.943502824858756,6.277208033312426,21160,24,177,3,1.694915254237288,0.9702314585073516,13058|20201|20202,Cybb|S100a8|S100a9,-0.6960916340051387,0,3,0,0,-8.324866269631338,119.54802259887006,
1,-2.9544597092229994,mmu04657,M1,1,0,KEGG Pathway,24,IL-17 signaling pathway - Mus musculus (house mouse),,-2.9544597092229994,6.427313042950004,4.817540904730623,21160,93,177,5,2.824858757062147,1.2453439810444045,16819|17395|20201|20202|23939,Lcn2|Mmp9|S100a8|S100a9|Mapk7,-0.6743747906638757,0,3,0,0,-8.324866269631338,119.54802259887006,
1,-2.813849570887739,GO:1990748,M1,1,0,GO Biological Processes,19,cellular detoxification,19_GO:0098754 detoxification,-2.813849570887739,5.977401129943504,4.582198204098101,21160,100,177,5,2.824858757062147,1.2453439810444045,13861|14871|20201|20202|74104,Epx|Gstt1|S100a8|S100a9|Abcb6,-0.5889199172296707,0,3,0,0,-8.324866269631338,119.54802259887006,
1,-2.7914869404918154,GO:0002523,M1,1,0,GO Biological Processes,19,leukocyte migration involved in inflammatory response,19_GO:0002376 immune system process,-2.7914869404918154,12.80871670702179,5.742643161224805,21160,28,177,3,1.694915254237288,0.9702314585073516,11501|20201|20202,Adam8|S100a8|S100a9,-0.578348811563305,0,3,0,0,-8.324866269631338,119.54802259887006,
1,-2.706087096359883,GO:0050729,M1,1,0,GO Biological Processes,19,positive regulation of inflammatory response,19_GO:0048518 positive regulation of biological process,-2.706087096359883,4.627665390924002,4.163246638072037,21160,155,177,6,3.389830508474576,1.3602344845448682,11501|12487|16016|17394|20201|20202,Adam8|Cd28|Ighg2b|Mmp8|S100a8|S100a9,-0.5204513136404403,0,3,0,0,-8.324866269631338,119.54802259887006,
1,-2.634390706857417,GO:0050727,M1,1,0,GO Biological Processes,19,regulation of inflammatory response,19_GO:0050896 response to stimulus,-2.634390706857417,2.9372978525520903,3.6245456238073808,21160,407,177,10,5.649717514124294,1.7353949768147372,11501|11687|12182|12487|14289|16016|17394|20201|20202|57757,Adam8|Alox15|Bst1|Cd28|Fpr2|Ighg2b|Mmp8|S100a8|S100a9|Pglyrp2,-0.49260848646457467,0,3,0,0,-8.324866269631338,119.54802259887006,
1,-2.5457907863490967,GO:0034121,M1,1,0,GO Biological Processes,19,regulation of toll-like receptor signaling pathway,19_GO:0044419 biological process involved in interspecies interaction between organisms,-2.5457907863490967,10.548354935194416,5.117522812947843,21160,34,177,3,1.694915254237288,0.9702314585073516,20201|20202|246746,S100a8|S100a9|Cd300lf,-0.4417971268456543,0,3,0,0,-8.324866269631338,119.54802259887006,
1,-2.4831020590918174,GO:0098869,M1,1,0,GO Biological Processes,19,cellular oxidant detoxification,19_GO:0098754 detoxification,-2.4831020590918174,6.550576580760003,4.363073630591698,21160,73,177,4,2.2598870056497176,1.1171028188283647,13861|14871|20201|20202,Epx|Gstt1|S100a8|S100a9,-0.4068964344491608,0,3,0,0,-8.324866269631338,119.54802259887006,
1,-2.126740365958648,WP4466,M1,1,0,WikiPathways,27,Oxidative stress and redox pathway,,-2.126740365958648,5.19774011299435,3.7059385891290315,21160,92,177,4,2.2598870056497176,1.1171028188283647,13058|14871|20201|20202,Cybb|Gstt1|S100a8|S100a9,-0.167580271780445,0,3,0,0,-8.324866269631338,119.54802259887006,
1,-2.0874440552451308,GO:0098609,M1,1,0,GO Biological Processes,19,cell-cell adhesion,19_GO:0009987 cellular process,-2.0874440552451308,2.449754561452256,2.975867283785355,21160,488,177,10,5.649717514124294,1.7353949768147372,11501|14735|16842|17967|20201|20202|21825|59308|68891|76905,Adam8|Gpc4|Lef1|Ncam1|S100a8|S100a9|Thbs1|Emcn|Cd177|Lrg1,-0.1549468604198944,0,3,0,0,-8.324866269631338,119.54802259887006,
1,-7.564777385645143,GO:0006935,M1,1,0,GO Biological Processes,19,chemotaxis,19_GO:0040011 locomotion,-7.564777385645143,5.65907799284592,7.930444347986711,21160,338,177,16,9.03954802259887,2.155326307183002,11501|12768|12769|12771|13586|13587|14289|15370|16842|17395|19204|20201|20202|20305|108151|245195,Adam8|Ccr1|Ccr9|Ccr3|Ear1|Ear2|Fpr2|Nr4a1|Lef1|Mmp9|Ptafr|S100a8|S100a9|Ccl6|Sema3d|Retnlg,-4.00192959150909,0,4,1,1,-7.564777385645143,6.550576580760003,
1,-7.529125497878308,GO:0042330,M1,1,0,GO Biological Processes,19,taxis,19_GO:0040011 locomotion,-7.529125497878308,5.625789298770356,7.897422180958138,21160,340,177,16,9.03954802259887,2.155326307183002,11501|12768|12769|12771|13586|13587|14289|15370|16842|17395|19204|20201|20202|20305|108151|245195,Adam8|Ccr1|Ccr9|Ccr3|Ear1|Ear2|Fpr2|Nr4a1|Lef1|Mmp9|Ptafr|S100a8|S100a9|Ccl6|Sema3d|Retnlg,-4.00192959150909,0,4,0,0,-7.564777385645143,6.550576580760003,
1,-6.9751054903999155,GO:0040011,M1,1,0,GO Biological Processes,19,locomotion,19_GO:0040011 locomotion,-6.9751054903999155,5.128065312552067,7.3876358465359395,21160,373,177,16,9.03954802259887,2.155326307183002,11501|12768|12769|12771|13586|13587|14289|15370|16842|17395|19204|20201|20202|20305|108151|245195,Adam8|Ccr1|Ccr9|Ccr3|Ear1|Ear2|Fpr2|Nr4a1|Lef1|Mmp9|Ptafr|S100a8|S100a9|Ccl6|Sema3d|Retnlg,-3.615839325793167,0,4,0,0,-7.564777385645143,6.550576580760003,
1,-5.532219057868188,GO:0060326,M1,1,0,GO Biological Processes,19,cell chemotaxis,19_GO:0040011 locomotion,-5.532219057868188,5.896987661827671,6.751878630322846,21160,223,177,11,6.214689265536723,1.8146400304293673,11501|12768|12769|12771|15370|16842|17395|20201|20202|20305|245195,Adam8|Ccr1|Ccr9|Ccr3|Nr4a1|Lef1|Mmp9|S100a8|S100a9|Ccl6|Retnlg,-2.3386139170042517,0,4,0,0,-7.564777385645143,6.550576580760003,
1,-4.4905273503490815,GO:0097529,M1,1,0,GO Biological Processes,19,myeloid leukocyte migration,19_GO:0002376 immune system process,-4.4905273503490815,6.550576580760003,6.181026065566364,21160,146,177,8,4.519774011299435,1.561451309578653,12768|12771|13861|17395|20201|20202|68891|245195,Ccr1|Ccr3|Epx|Mmp9|S100a8|S100a9|Cd177|Retnlg,-1.6083824404619955,0,4,0,0,-7.564777385645143,6.550576580760003,
1,-4.266269064906015,GO:0050900,M1,1,0,GO Biological Processes,19,leukocyte migration,19_GO:0002376 immune system process,-4.266269064906015,4.743969150748812,5.49131931736562,21160,252,177,10,5.649717514124294,1.7353949768147372,11501|12768|12771|13861|17395|18089|20201|20202|68891|245195,Adam8|Ccr1|Ccr3|Epx|Mmp9|Nkx2-3|S100a8|S100a9|Cd177|Retnlg,-1.4445818073481131,0,4,0,0,-7.564777385645143,6.550576580760003,
1,-3.6336142800675133,GO:0030595,M1,1,0,GO Biological Processes,19,leukocyte chemotaxis,19_GO:0040011 locomotion,-3.6336142800675133,5.731754508165002,5.269199969640709,21160,146,177,7,3.9548022598870056,1.464918896491827,11501|12768|12771|17395|20201|20202|245195,Adam8|Ccr1|Ccr3|Mmp9|S100a8|S100a9|Retnlg,-1.0614542084973349,0,4,0,0,-7.564777385645143,6.550576580760003,
1,-2.813849570887739,GO:0097530,M1,1,0,GO Biological Processes,19,granulocyte migration,19_GO:0002376 immune system process,-2.813849570887739,5.977401129943504,4.582198204098101,21160,100,177,5,2.824858757062147,1.2453439810444045,12771|13861|20201|20202|68891,Ccr3|Epx|S100a8|S100a9|Cd177,-0.5889199172296707,0,4,0,0,-7.564777385645143,6.550576580760003,
1,-7.486134492724139,GO:0006954,M1,1,0,GO Biological Processes,19,inflammatory response,19_GO:0050896 response to stimulus,-7.486134492724139,4.191166067740019,7.27681128517906,21160,599,177,21,11.864406779661017,2.430591904071992,11501|12655|12768|12771|12796|13058|14013|14289|14728|15370|16182|17084|19204|19419|20201|20202|20305|21825|27226|213435|215257,Adam8|Chil3|Ccr1|Ccr3|Camp|Cybb|Mecom|Fpr2|Lilrb4a|Nr4a1|Il18r1|Ly86|Ptafr|Rasgrp1|S100a8|S100a9|Ccl6|Thbs1|Pla2g7|Mylk3|Il36g,-4.00192959150909,0,5,1,1,-7.486134492724139,4.191166067740019,
1,-2.7926732621677464,GO:0032496,M1,1,0,GO Biological Processes,19,response to lipopolysaccharide,19_GO:0044419 biological process involved in interspecies interaction between organisms,-2.7926732621677464,2.8901719749177377,3.74343082991844,21160,455,177,11,6.214689265536723,1.8146400304293673,12796|14728|15370|15900|17084|17394|19204|20201|66107|215257|414084,Camp|Lilrb4a|Nr4a1|Irf8|Ly86|Mmp8|Ptafr|S100a8|Wfdc21|Il36g|Tnip3,-0.578348811563305,0,5,0,0,-7.486134492724139,4.191166067740019,
1,-2.6611590585920344,GO:0002237,M1,1,0,GO Biological Processes,19,response to molecule of bacterial origin,19_GO:0044419 biological process involved in interspecies interaction between organisms,-2.6611590585920344,2.7801865720667456,3.596232372367772,21160,473,177,11,6.214689265536723,1.8146400304293673,12796|14728|15370|15900|17084|17394|19204|20201|66107|215257|414084,Camp|Lilrb4a|Nr4a1|Irf8|Ly86|Mmp8|Ptafr|S100a8|Wfdc21|Il36g|Tnip3,-0.5060128766412108,0,5,0,0,-7.486134492724139,4.191166067740019,
1,-2.2646570064688962,GO:0071222,M1,1,0,GO Biological Processes,19,cellular response to lipopolysaccharide,19_GO:0044419 biological process involved in interspecies interaction between organisms,-2.2646570064688962,3.007497423870945,3.3128309355611947,21160,318,177,8,4.519774011299435,1.561451309578653,12796|14728|15900|17084|17394|19204|215257|414084,Camp|Lilrb4a|Irf8|Ly86|Mmp8|Ptafr|Il36g|Tnip3,-0.25997942973938876,0,5,0,0,-7.486134492724139,4.191166067740019,
1,-2.1938786023255052,GO:0071219,M1,1,0,GO Biological Processes,19,cellular response to molecule of bacterial origin,19_GO:0044419 biological process involved in interspecies interaction between organisms,-2.1938786023255052,2.9247222654157814,3.2215616881605884,21160,327,177,8,4.519774011299435,1.561451309578653,12796|14728|15900|17084|17394|19204|215257|414084,Camp|Lilrb4a|Irf8|Ly86|Mmp8|Ptafr|Il36g|Tnip3,-0.20798425490005734,0,5,0,0,-7.486134492724139,4.191166067740019,
1,-6.5586300076572,GO:0001816,M1,1,0,GO Biological Processes,19,cytokine production,19_GO:0032501 multicellular organismal process,-6.5586300076572,6.672447772960189,7.678032847039979,21160,215,177,12,6.779661016949152,1.889612249391879,12487|12504|13861|14728|15900|16182|17132|19074|19204|19419|215257|242248,Cd28|Cd4|Epx|Lilrb4a|Irf8|Il18r1|Maf|Prg2|Ptafr|Rasgrp1|Il36g|Bank1,-3.250516365497833,0,6,1,1,-6.5586300076572,6.748678695097503,
1,-5.929477679846296,GO:1903555,M1,1,0,GO Biological Processes,19,regulation of tumor necrosis factor superfamily cytokine production,19_GO:0032501 multicellular organismal process,-5.929477679846296,6.477971667919068,7.202838150074001,21160,203,177,11,6.214689265536723,1.8146400304293673,11501|13058|14728|17002|17394|19204|19419|21825|26888|225884|246728,Adam8|Cybb|Lilrb4a|Ltf|Mmp8|Ptafr|Rasgrp1|Thbs1|Clec4a2|Gstp3|Oas2,-2.667121528247604,0,6,0,0,-6.5586300076572,6.748678695097503,
1,-5.454842032924706,GO:0001819,M1,1,0,GO Biological Processes,19,positive regulation of cytokine production,19_GO:0048518 positive regulation of biological process,-5.454842032924706,3.729020888405121,5.928077238763573,21160,545,177,17,9.6045197740113,2.214749194855168,11501|12487|12655|12796|13058|13861|14134|14191|15900|16182|17394|19074|19204|19419|21825|215257|246728,Adam8|Cd28|Chil3|Camp|Cybb|Epx|Fcnb|Fgr|Irf8|Il18r1|Mmp8|Prg2|Ptafr|Rasgrp1|Thbs1|Il36g|Oas2,-2.3386139170042517,0,6,0,0,-6.5586300076572,6.748678695097503,
1,-5.128933827511129,GO:0032680,M1,1,0,GO Biological Processes,19,regulation of tumor necrosis factor production,19_GO:0032501 multicellular organismal process,-5.128933827511129,5.977401129943504,6.495646960160586,21160,200,177,10,5.649717514124294,1.7353949768147372,13058|14728|17002|17394|19204|19419|21825|26888|225884|246728,Cybb|Lilrb4a|Ltf|Mmp8|Ptafr|Rasgrp1|Thbs1|Clec4a2|Gstp3|Oas2,-2.121850181015743,0,6,0,0,-6.5586300076572,6.748678695097503,
1,-4.074861384513187,GO:1903557,M1,1,0,GO Biological Processes,19,positive regulation of tumor necrosis factor superfamily cytokine production,19_GO:0048518 positive regulation of biological process,-4.074861384513187,6.748678695097503,5.896546251406154,21160,124,177,7,3.9548022598870056,1.464918896491827,11501|13058|17394|19204|19419|21825|246728,Adam8|Cybb|Mmp8|Ptafr|Rasgrp1|Thbs1|Oas2,-1.3216558791382758,0,6,0,0,-6.5586300076572,6.748678695097503,
1,-3.2435279160344463,GO:0032760,M1,1,0,GO Biological Processes,19,positive regulation of tumor necrosis factor production,19_GO:0048518 positive regulation of biological process,-3.2435279160344463,5.879410947485413,4.964156885574981,21160,122,177,6,3.389830508474576,1.3602344845448682,13058|17394|19204|19419|21825|246728,Cybb|Mmp8|Ptafr|Rasgrp1|Thbs1|Oas2,-0.800715699977623,0,6,0,0,-6.5586300076572,6.748678695097503,
1,-5.474775430931257,GO:0019221,M1,1,0,GO Biological Processes,19,cytokine-mediated signaling pathway,19_GO:0050896 response to stimulus,-5.474775430931257,4.189767147156662,6.122949496778321,21160,428,177,15,8.474576271186441,2.093356702354114,12504|12700|12768|12769|12771|16182|18733|20305|23962|60440|213002|215257|216190|246728|246746,Cd4|Cish|Ccr1|Ccr9|Ccr3|Il18r1|Pirb|Ccl6|Oasl2|Iigp1|Ifitm6|Il36g|Appl2|Oas2|Cd300lf,-2.3386139170042517,0,7,1,1,-5.474775430931257,7.0322366234629445,
1,-3.2193728030877877,GO:0019722,M1,1,0,GO Biological Processes,19,calcium-mediated signaling,19_GO:0050896 response to stimulus,-3.2193728030877877,4.8937787028777215,4.695413658839854,21160,171,177,7,3.9548022598870056,1.464918896491827,12504|12768|12769|12771|14289|17967|23939,Cd4|Ccr1|Ccr9|Ccr3|Fpr2|Ncam1|Mapk7,-0.789525564195332,0,7,0,0,-5.474775430931257,7.0322366234629445,
1,-3.07607192514612,R-MMU-388396,M1,1,0,Reactome Gene Sets,6,GPCR downstream signalling,,-3.07607192514612,2.795187578750559,3.939779099642037,21160,556,177,13,7.344632768361582,1.9608018167574335,11555|12768|12769|12771|14289|18574|19204|20305|23939|54393|78826|328967|380921,Adrb2|Ccr1|Ccr9|Ccr3|Fpr2|Pde1b|Ptafr|Ccl6|Mapk7|Gabbr1|P2ry10|Arhgef37|Dgkh,-0.7581984456975965,0,7,0,0,-5.474775430931257,7.0322366234629445,
1,-2.913057601582315,mmu04061,M1,1,0,KEGG Pathway,24,Viral protein interaction with cytokine and cytokine receptor - Mus musculus (house mouse),,-2.913057601582315,6.292001189414215,4.747898391768287,21160,95,177,5,2.824858757062147,1.2453439810444045,12768|12769|12771|16182|20305,Ccr1|Ccr9|Ccr3|Il18r1|Ccl6,-0.6459437702479095,0,7,0,0,-5.474775430931257,7.0322366234629445,
1,-2.85028978270705,R-MMU-372790,M1,1,0,Reactome Gene Sets,6,Signaling by GPCR,,-2.85028978270705,2.638581143947896,3.7042331185998485,21160,589,177,13,7.344632768361582,1.9608018167574335,11555|12768|12769|12771|14289|18574|19204|20305|23939|54393|78826|328967|380921,Adrb2|Ccr1|Ccr9|Ccr3|Fpr2|Pde1b|Ptafr|Ccl6|Mapk7|Gabbr1|P2ry10|Arhgef37|Dgkh,-0.5968758171794977,0,7,0,0,-5.474775430931257,7.0322366234629445,
1,-2.595056192939716,GO:0070098,M1,1,0,GO Biological Processes,19,chemokine-mediated signaling pathway,19_GO:0050896 response to stimulus,-2.595056192939716,7.0322366234629445,4.575877149077071,21160,68,177,4,2.2598870056497176,1.1171028188283647,12768|12769|12771|20305,Ccr1|Ccr9|Ccr3|Ccl6,-0.4694206084974305,0,7,0,0,-5.474775430931257,7.0322366234629445,
1,-2.502922919704892,WP189,M1,1,0,WikiPathways,27,GPCRs class A rhodopsin like,,-2.502922919704892,3.670334027158291,3.7233002755218565,21160,228,177,7,3.9548022598870056,1.464918896491827,11555|12768|12769|12771|14289|19204|54393,Adrb2|Ccr1|Ccr9|Ccr3|Fpr2|Ptafr|Gabbr1,-0.41954371539936947,0,7,0,0,-5.474775430931257,7.0322366234629445,
1,-2.3598826100710815,GO:1990868,M1,1,0,GO Biological Processes,19,response to chemokine,19_GO:0050896 response to stimulus,-2.3598826100710815,6.053064435385826,4.132598273768376,21160,79,177,4,2.2598870056497176,1.1171028188283647,12768|12769|12771|20305,Ccr1|Ccr9|Ccr3|Ccl6,-0.32541316308606283,0,7,0,0,-5.474775430931257,7.0322366234629445,
1,-2.3598826100710815,GO:1990869,M1,1,0,GO Biological Processes,19,cellular response to chemokine,19_GO:0050896 response to stimulus,-2.3598826100710815,6.053064435385826,4.132598273768376,21160,79,177,4,2.2598870056497176,1.1171028188283647,12768|12769|12771|20305,Ccr1|Ccr9|Ccr3|Ccl6,-0.32541316308606283,0,7,0,0,-5.474775430931257,7.0322366234629445,
1,-2.116858869901721,R-MMU-418594,M1,1,0,Reactome Gene Sets,6,G alpha (i) signalling events,,-2.116858869901721,3.1109150862159494,3.2001305905517934,21160,269,177,7,3.9548022598870056,1.464918896491827,12768|12769|12771|14289|18574|20305|54393,Ccr1|Ccr9|Ccr3|Fpr2|Pde1b|Ccl6|Gabbr1,-0.1641328857289277,0,7,0,0,-5.474775430931257,7.0322366234629445,
1,-2.116858869901721,WP1396,M1,1,0,WikiPathways,27,GPCRs non odorant,,-2.116858869901721,3.1109150862159494,3.2001305905517934,21160,269,177,7,3.9548022598870056,1.464918896491827,11555|12768|12769|12771|19204|54393|78826,Adrb2|Ccr1|Ccr9|Ccr3|Ptafr|Gabbr1|P2ry10,-0.1641328857289277,0,7,0,0,-5.474775430931257,7.0322366234629445,
1,-5.474130547005763,GO:0050865,M1,1,0,GO Biological Processes,19,regulation of cell activation,19_GO:0032501 multicellular organismal process,-5.474130547005763,3.410529173241038,5.805458871439819,21160,666,177,19,10.734463276836157,2.326727079625245,11501|12182|12487|12504|14191|14728|16842|17394|19373|19419|20555|20971|21825|57757|208154|240754|242248|246746|432628,Adam8|Bst1|Cd28|Cd4|Fgr|Lilrb4a|Lef1|Mmp8|Rag1|Rasgrp1|Slfn1|Sdc4|Thbs1|Pglyrp2|Btla|Lax1|Bank1|Cd300lf|Mfsd2b,-2.3386139170042517,0,8,1,1,-5.474130547005763,7.566330544232284,
1,-5.411579604181348,GO:0002694,M1,1,0,GO Biological Processes,19,regulation of leukocyte activation,19_GO:0002376 immune system process,-5.411579604181348,3.5276465684912472,5.8180274318719585,21160,610,177,18,10.169491525423728,2.271825213417701,11501|12182|12487|12504|14191|14728|16842|17394|19373|19419|20555|20971|21825|57757|208154|240754|242248|246746,Adam8|Bst1|Cd28|Cd4|Fgr|Lilrb4a|Lef1|Mmp8|Rag1|Rasgrp1|Slfn1|Sdc4|Thbs1|Pglyrp2|Btla|Lax1|Bank1|Cd300lf,-2.3253147116383373,0,8,0,0,-5.474130547005763,7.566330544232284,
1,-5.129792999719257,GO:0022407,M1,1,0,GO Biological Processes,19,regulation of cell-cell adhesion,19_GO:0050789 regulation of biological process,-5.129792999719257,3.7069154294223274,5.717458557387036,21160,516,177,16,9.03954802259887,2.155326307183002,11492|11501|11687|12487|12504|14728|16842|19204|19373|19419|20555|20971|23939|208154|240754|432628,Adam19|Adam8|Alox15|Cd28|Cd4|Lilrb4a|Lef1|Ptafr|Rag1|Rasgrp1|Slfn1|Sdc4|Mapk7|Btla|Lax1|Mfsd2b,-2.121850181015743,0,8,0,0,-5.474130547005763,7.566330544232284,
1,-4.382028616442385,GO:0051249,M1,1,0,GO Biological Processes,19,regulation of lymphocyte activation,19_GO:0002376 immune system process,-4.382028616442385,3.3834346018548134,5.103780319990513,21160,530,177,15,8.474576271186441,2.093356702354114,11501|12182|12487|12504|14191|14728|16842|19373|19419|20555|20971|57757|208154|240754|242248,Adam8|Bst1|Cd28|Cd4|Fgr|Lilrb4a|Lef1|Rag1|Rasgrp1|Slfn1|Sdc4|Pglyrp2|Btla|Lax1|Bank1,-1.5176124735157308,0,8,0,0,-5.474130547005763,7.566330544232284,
1,-3.973239905284599,GO:1903037,M1,1,0,GO Biological Processes,19,regulation of leukocyte cell-cell adhesion,19_GO:0050789 regulation of biological process,-3.973239905284599,3.7069154294223274,4.9360661554126715,21160,387,177,12,6.779661016949152,1.889612249391879,11501|12487|12504|14728|16842|19204|19373|19419|20555|20971|208154|240754,Adam8|Cd28|Cd4|Lilrb4a|Lef1|Ptafr|Rag1|Rasgrp1|Slfn1|Sdc4|Btla|Lax1,-1.2549517980361824,0,8,0,0,-5.474130547005763,7.566330544232284,
1,-3.9124375883752154,GO:0022409,M1,1,0,GO Biological Processes,19,positive regulation of cell-cell adhesion,19_GO:0048518 positive regulation of biological process,-3.9124375883752154,3.937210325112487,4.9694206431616,21160,334,177,11,6.214689265536723,1.8146400304293673,11492|11501|11687|12487|12504|14728|16842|19204|19373|19419|432628,Adam19|Adam8|Alox15|Cd28|Cd4|Lilrb4a|Lef1|Ptafr|Rag1|Rasgrp1|Mfsd2b,-1.2206172985108232,0,8,0,0,-5.474130547005763,7.566330544232284,
1,-3.8690578944208824,GO:0045785,M1,1,0,GO Biological Processes,19,positive regulation of cell adhesion,19_GO:0048518 positive regulation of biological process,-3.8690578944208824,3.2001382722450873,4.6792683303705935,21160,523,177,14,7.909604519774011,2.028607003507317,11492|11501|11687|12487|12504|14728|16842|19204|19373|19419|20971|21825|380924|432628,Adam19|Adam8|Alox15|Cd28|Cd4|Lilrb4a|Lef1|Ptafr|Rag1|Rasgrp1|Sdc4|Thbs1|Olfm4|Mfsd2b,-1.2016761046144282,0,8,0,0,-5.474130547005763,7.566330544232284,
1,-3.8580736422923363,GO:0045321,M1,1,0,GO Biological Processes,19,leukocyte activation,19_GO:0002376 immune system process,-3.8580736422923363,2.787813970069672,4.511715343017576,21160,729,177,17,9.6045197740113,2.214749194855168,12487|12504|12769|12796|14728|15900|16071|16182|16842|18089|18733|19373|19419|20555|26888|240754|242248,Cd28|Cd4|Ccr9|Camp|Lilrb4a|Irf8|Igkc|Il18r1|Lef1|Nkx2-3|Pirb|Rag1|Rasgrp1|Slfn1|Clec4a2|Lax1|Bank1,-1.2016761046144282,0,8,0,0,-5.474130547005763,7.566330544232284,
1,-3.8390830334646187,GO:0046649,M1,1,0,GO Biological Processes,19,lymphocyte activation,19_GO:0002376 immune system process,-3.8390830334646187,3.023980335553206,4.5914364062950925,21160,593,177,15,8.474576271186441,2.093356702354114,12487|12504|12769|14728|15900|16071|16182|16842|18089|19373|19419|20555|26888|240754|242248,Cd28|Cd4|Ccr9|Lilrb4a|Irf8|Igkc|Il18r1|Lef1|Nkx2-3|Rag1|Rasgrp1|Slfn1|Clec4a2|Lax1|Bank1,-1.1999761722638271,0,8,0,0,-5.474130547005763,7.566330544232284,
1,-3.5826769103205045,GO:0002521,M1,1,0,GO Biological Processes,19,leukocyte differentiation,19_GO:0032502 developmental process,-3.5826769103205045,3.1652225942674352,4.458450773838372,21160,491,177,13,7.344632768361582,1.9608018167574335,11501|12487|12504|12769|15900|16071|16182|16842|18089|18574|18733|19373|246746,Adam8|Cd28|Cd4|Ccr9|Irf8|Igkc|Il18r1|Lef1|Nkx2-3|Pde1b|Pirb|Rag1|Cd300lf,-1.027890934819749,0,8,0,0,-5.474130547005763,7.566330544232284,
1,-3.3266445125449455,GO:0050863,M1,1,0,GO Biological Processes,19,regulation of T cell activation,19_GO:0002376 immune system process,-3.3266445125449455,3.363243602525756,4.3320103800564995,21160,391,177,11,6.214689265536723,1.8146400304293673,11501|12487|12504|14728|16842|19373|19419|20555|20971|208154|240754,Adam8|Cd28|Cd4|Lilrb4a|Lef1|Rag1|Rasgrp1|Slfn1|Sdc4|Btla|Lax1,-0.8424396113298971,0,8,0,0,-5.474130547005763,7.566330544232284,
1,-3.2972155450810146,GO:1903706,M1,1,0,GO Biological Processes,19,regulation of hemopoiesis,19_GO:0002376 immune system process,-3.2972155450810146,3.1254384993168642,4.228240046422005,21160,459,177,12,6.779661016949152,1.889612249391879,11501|12487|12504|12768|14728|16842|17002|19373|19419|20259|57757|93686,Adam8|Cd28|Cd4|Ccr1|Lilrb4a|Lef1|Ltf|Rag1|Rasgrp1|Scin|Pglyrp2|Rbfox2,-0.8201892284930896,0,8,0,0,-5.474130547005763,7.566330544232284,
1,-3.276539205921182,GO:0035710,M1,1,0,GO Biological Processes,19,"CD4-positive, alpha-beta T cell activation",19_GO:0002376 immune system process,-3.276539205921182,7.566330544232284,5.370207844977723,21160,79,177,5,2.824858757062147,1.2453439810444045,12487|14728|16182|16842|18089,Cd28|Lilrb4a|Il18r1|Lef1|Nkx2-3,-0.8135236037760717,0,8,0,0,-5.474130547005763,7.566330544232284,
1,-3.15619864739544,GO:0042110,M1,1,0,GO Biological Processes,19,T cell activation,19_GO:0002376 immune system process,-3.15619864739544,3.207385972164807,4.145353469804905,21160,410,177,11,6.214689265536723,1.8146400304293673,12487|12504|12769|14728|16182|16842|18089|19373|19419|20555|26888,Cd28|Cd4|Ccr9|Lilrb4a|Il18r1|Lef1|Nkx2-3|Rag1|Rasgrp1|Slfn1|Clec4a2,-0.7642915066870162,0,8,0,0,-5.474130547005763,7.566330544232284,
1,-3.151586394894008,GO:0046631,M1,1,0,GO Biological Processes,19,alpha-beta T cell activation,19_GO:0002376 immune system process,-3.151586394894008,5.6479380755371675,4.825163067685197,21160,127,177,6,3.389830508474576,1.3602344845448682,12487|14728|16182|16842|18089|26888,Cd28|Lilrb4a|Il18r1|Lef1|Nkx2-3|Clec4a2,-0.7642915066870162,0,8,0,0,-5.474130547005763,7.566330544232284,
1,-3.1131272947518323,GO:1903131,M1,1,0,GO Biological Processes,19,mononuclear cell differentiation,19_GO:0032502 developmental process,-3.1131272947518323,3.1687427676808935,4.0980361467054225,21160,415,177,11,6.214689265536723,1.8146400304293673,12487|12504|12769|15900|16071|16182|16842|18089|18574|18733|19373,Cd28|Cd4|Ccr9|Irf8|Igkc|Il18r1|Lef1|Nkx2-3|Pde1b|Pirb|Rag1,-0.7623100457411429,0,8,0,0,-5.474130547005763,7.566330544232284,
1,-3.064956521200737,GO:0045637,M1,1,0,GO Biological Processes,19,regulation of myeloid cell differentiation,19_GO:0002376 immune system process,-3.064956521200737,4.052475342334579,4.330980440570809,21160,236,177,8,4.519774011299435,1.561451309578653,11501|12504|12768|14728|16842|17002|20259|93686,Adam8|Cd4|Ccr1|Lilrb4a|Lef1|Ltf|Scin|Rbfox2,-0.7519903762469575,0,8,0,0,-5.474130547005763,7.566330544232284,
1,-3.0530951217991262,GO:0042113,M1,1,0,GO Biological Processes,19,B cell activation,19_GO:0002376 immune system process,-3.0530951217991262,4.035376290257218,4.315937481622546,21160,237,177,8,4.519774011299435,1.561451309578653,15900|16071|16842|18089|19373|19419|240754|242248,Irf8|Igkc|Lef1|Nkx2-3|Rag1|Rasgrp1|Lax1|Bank1,-0.7449814796397591,0,8,0,0,-5.474130547005763,7.566330544232284,
1,-2.9126647272490516,GO:1902105,M1,1,0,GO Biological Processes,19,regulation of leukocyte differentiation,19_GO:0002376 immune system process,-2.9126647272490516,3.2050408203450425,3.9461678471809742,21160,373,177,10,5.649717514124294,1.7353949768147372,11501|12487|12504|12768|14728|16842|17002|19373|19419|57757,Adam8|Cd28|Cd4|Ccr1|Lilrb4a|Lef1|Ltf|Rag1|Rasgrp1|Pglyrp2,-0.6459437702479095,0,8,0,0,-5.474130547005763,7.566330544232284,
1,-2.878140482198046,GO:0002696,M1,1,0,GO Biological Processes,19,positive regulation of leukocyte activation,19_GO:0002376 immune system process,-2.878140482198046,3.1710350821981454,3.9064638505410954,21160,377,177,10,5.649717514124294,1.7353949768147372,11501|12182|12487|12504|14728|16842|17394|19373|19419|21825,Adam8|Bst1|Cd28|Cd4|Lilrb4a|Lef1|Mmp8|Rag1|Rasgrp1|Thbs1,-0.615784330599354,0,8,0,0,-5.474130547005763,7.566330544232284,
1,-2.7665397496851387,GO:0030098,M1,1,0,GO Biological Processes,19,lymphocyte differentiation,19_GO:0002376 immune system process,-2.7665397496851387,3.3105606258148628,3.855340215542555,21160,325,177,9,5.084745762711864,1.6512620354151006,12487|12504|12769|15900|16071|16182|16842|18089|19373,Cd28|Cd4|Ccr9|Irf8|Igkc|Il18r1|Lef1|Nkx2-3|Rag1,-0.5580413183609109,0,8,0,0,-5.474130547005763,7.566330544232284,
1,-2.7202672231847957,GO:0002761,M1,1,0,GO Biological Processes,19,regulation of myeloid leukocyte differentiation,19_GO:0002376 immune system process,-2.7202672231847957,4.6577151661897425,4.184070321046952,21160,154,177,6,3.389830508474576,1.3602344845448682,11501|12504|12768|14728|16842|17002,Adam8|Cd4|Ccr1|Lilrb4a|Lef1|Ltf,-0.529793078892229,0,8,0,0,-5.474130547005763,7.566330544232284,
1,-2.6811000630565767,GO:0050867,M1,1,0,GO Biological Processes,19,positive regulation of cell activation,19_GO:0048518 positive regulation of biological process,-2.6811000630565767,2.9812474463558623,3.6788163146322117,21160,401,177,10,5.649717514124294,1.7353949768147372,11501|12182|12487|12504|14728|16842|17394|19373|19419|21825,Adam8|Bst1|Cd28|Cd4|Lilrb4a|Lef1|Mmp8|Rag1|Rasgrp1|Thbs1,-0.5156539244659409,0,8,0,0,-5.474130547005763,7.566330544232284,
1,-2.6447854187721047,GO:0030217,M1,1,0,GO Biological Processes,19,T cell differentiation,19_GO:0002376 immune system process,-2.6447854187721047,3.8922612008934436,3.9148666310400264,21160,215,177,7,3.9548022598870056,1.464918896491827,12487|12504|12769|16182|16842|18089|19373,Cd28|Cd4|Ccr9|Il18r1|Lef1|Nkx2-3|Rag1,-0.49637261948024947,0,8,0,0,-5.474130547005763,7.566330544232284,
1,-2.606303756066386,GO:1903039,M1,1,0,GO Biological Processes,19,positive regulation of leukocyte cell-cell adhesion,19_GO:0048518 positive regulation of biological process,-2.606303756066386,3.4279002895733353,3.7493649398960303,21160,279,177,8,4.519774011299435,1.561451309578653,11501|12487|12504|14728|16842|19204|19373|19419,Adam8|Cd28|Cd4|Lilrb4a|Lef1|Ptafr|Rag1|Rasgrp1,-0.4742813729627,0,8,0,0,-5.474130547005763,7.566330544232284,
1,-2.5779773377348985,GO:1902107,M1,1,0,GO Biological Processes,19,positive regulation of leukocyte differentiation,19_GO:0002376 immune system process,-2.5779773377348985,3.7865889510954314,3.824648177223163,21160,221,177,7,3.9548022598870056,1.464918896491827,11501|12504|12768|14728|16842|19373|19419,Adam8|Cd4|Ccr1|Lilrb4a|Lef1|Rag1|Rasgrp1,-0.46484029879158634,0,8,0,0,-5.474130547005763,7.566330544232284,
1,-2.5779773377348985,GO:1903708,M1,1,0,GO Biological Processes,19,positive regulation of hemopoiesis,19_GO:0002376 immune system process,-2.5779773377348985,3.7865889510954314,3.824648177223163,21160,221,177,7,3.9548022598870056,1.464918896491827,11501|12504|12768|14728|16842|19373|19419,Adam8|Cd4|Ccr1|Lilrb4a|Lef1|Rag1|Rasgrp1,-0.46484029879158634,0,8,0,0,-5.474130547005763,7.566330544232284,
1,-2.4511156892057118,GO:0045619,M1,1,0,GO Biological Processes,19,regulation of lymphocyte differentiation,19_GO:0002376 immune system process,-2.4511156892057118,3.591571494386654,3.6533230740870826,21160,233,177,7,3.9548022598870056,1.464918896491827,11501|12487|14728|16842|19373|19419|57757,Adam8|Cd28|Lilrb4a|Lef1|Rag1|Rasgrp1|Pglyrp2,-0.3901566619274712,0,8,0,0,-5.474130547005763,7.566330544232284,
1,-2.334884941143014,GO:0045582,M1,1,0,GO Biological Processes,19,positive regulation of T cell differentiation,19_GO:0002376 immune system process,-2.334884941143014,4.63364428677791,3.8019615083372007,21160,129,177,5,2.824858757062147,1.2453439810444045,11501|14728|16842|19373|19419,Adam8|Lilrb4a|Lef1|Rag1|Rasgrp1,-0.3080572364518708,0,8,0,0,-5.474130547005763,7.566330544232284,
1,-2.2575861713297845,GO:0050870,M1,1,0,GO Biological Processes,19,positive regulation of T cell activation,19_GO:0002376 immune system process,-2.2575861713297845,3.3076527991782227,3.3914489186363284,21160,253,177,7,3.9548022598870056,1.464918896491827,11501|12487|12504|14728|16842|19373|19419,Adam8|Cd28|Cd4|Lilrb4a|Lef1|Rag1|Rasgrp1,-0.25530140771616716,0,8,0,0,-5.474130547005763,7.566330544232284,
1,-2.1858587978484083,GO:0045580,M1,1,0,GO Biological Processes,19,regulation of T cell differentiation,19_GO:0002376 immune system process,-2.1858587978484083,3.622667351480911,3.405335131656888,21160,198,177,6,3.389830508474576,1.3602344845448682,11501|12487|14728|16842|19373|19419,Adam8|Cd28|Lilrb4a|Lef1|Rag1|Rasgrp1,-0.2022562472025452,0,8,0,0,-5.474130547005763,7.566330544232284,
1,-2.1110873294738925,GO:0045621,M1,1,0,GO Biological Processes,19,positive regulation of lymphocyte differentiation,19_GO:0002376 immune system process,-2.1110873294738925,4.094110362975003,3.445547777789396,21160,146,177,5,2.824858757062147,1.2453439810444045,11501|14728|16842|19373|19419,Adam8|Lilrb4a|Lef1|Rag1|Rasgrp1,-0.16194483491644263,0,8,0,0,-5.474130547005763,7.566330544232284,
1,-2.1104337661459813,GO:0045670,M1,1,0,GO Biological Processes,19,regulation of osteoclast differentiation,19_GO:0002376 immune system process,-2.1104337661459813,5.141850434360003,3.6765032219258007,21160,93,177,4,2.2598870056497176,1.1171028188283647,11501|12768|14728|17002,Adam8|Ccr1|Lilrb4a|Ltf,-0.16194483491644263,0,8,0,0,-5.474130547005763,7.566330544232284,
1,-2.096312932334213,GO:0051251,M1,1,0,GO Biological Processes,19,positive regulation of lymphocyte activation,19_GO:0002376 immune system process,-2.096312932334213,2.812894649385178,3.095081399319394,21160,340,177,8,4.519774011299435,1.561451309578653,11501|12182|12487|12504|14728|16842|19373|19419,Adam8|Bst1|Cd28|Cd4|Lilrb4a|Lef1|Rag1|Rasgrp1,-0.15823923603321377,0,8,0,0,-5.474130547005763,7.566330544232284,
1,-2.0281431190508106,GO:0046651,M1,1,0,GO Biological Processes,19,lymphocyte proliferation,19_GO:0002376 immune system process,-2.0281431190508106,3.906798124146081,3.314202046054095,21160,153,177,5,2.824858757062147,1.2453439810444045,12487|14728|16842|19419|20555,Cd28|Lilrb4a|Lef1|Rasgrp1|Slfn1,-0.10843534551449747,0,8,0,0,-5.474130547005763,7.566330544232284,
1,-5.304458873224204,GO:0032103,M1,1,0,GO Biological Processes,19,positive regulation of response to external stimulus,19_GO:0048518 positive regulation of biological process,-5.304458873224204,3.4651600753295666,5.726663837932193,21160,621,177,18,10.169491525423728,2.271825213417701,11501|12487|12768|14134|14289|16016|17002|17084|17394|19419|20201|20202|21825|27226|233046|244183|246746|414084,Adam8|Cd28|Ccr1|Fcnb|Fpr2|Ighg2b|Ltf|Ly86|Mmp8|Rasgrp1|S100a8|S100a9|Thbs1|Pla2g7|Rasgrp4|Trim30b|Cd300lf|Tnip3,-2.246222704281437,0,9,1,1,-5.304458873224204,7.0322366234629445,
1,-4.983411778711093,GO:0050778,M1,1,0,GO Biological Processes,19,positive regulation of immune response,19_GO:0002376 immune system process,-4.983411778711093,3.1503639797205705,5.395729872092121,21160,721,177,19,10.734463276836157,2.326727079625245,11501|12487|12504|14134|14289|16016|16182|17002|19204|19419|68891|216190|233046|238447|240754|244183|246746|404711|414084,Adam8|Cd28|Cd4|Fcnb|Fpr2|Ighg2b|Il18r1|Ltf|Ptafr|Rasgrp1|Cd177|Appl2|Rasgrp4|Igha|Lax1|Trim30b|Cd300lf|Ighg2c|Tnip3,-1.9998092280652302,0,9,0,0,-5.304458873224204,7.0322366234629445,
1,-4.331147934441218,GO:0031349,M1,1,0,GO Biological Processes,19,positive regulation of defense response,19_GO:0048518 positive regulation of biological process,-4.331147934441218,3.538419273539494,5.127971252780994,21160,473,177,14,7.909604519774011,2.028607003507317,11501|12487|14134|14289|16016|17002|17394|19419|20201|20202|233046|244183|246746|414084,Adam8|Cd28|Fcnb|Fpr2|Ighg2b|Ltf|Mmp8|Rasgrp1|S100a8|S100a9|Rasgrp4|Trim30b|Cd300lf|Tnip3,-1.4837651308133442,0,9,0,0,-5.304458873224204,7.0322366234629445,
1,-4.188005744416983,GO:0050764,M1,1,0,GO Biological Processes,19,regulation of phagocytosis,19_GO:0051179 localization,-4.188005744416983,7.0322366234629445,6.060648176002064,21160,119,177,7,3.9548022598870056,1.464918896491827,11687|14134|14191|14289|16016|216190|246746,Alox15|Fcnb|Fgr|Fpr2|Ighg2b|Appl2|Cd300lf,-1.4027708475379532,0,9,0,0,-5.304458873224204,7.0322366234629445,
1,-4.064653356739617,GO:0045088,M1,1,0,GO Biological Processes,19,regulation of innate immune response,19_GO:0044419 biological process involved in interspecies interaction between organisms,-4.064653356739617,3.340663306156049,4.869715328186391,21160,501,177,14,7.909604519774011,2.028607003507317,11501|12768|14134|14191|14289|17002|19419|20201|20202|216190|233046|244183|246746|414084,Adam8|Ccr1|Fcnb|Fgr|Fpr2|Ltf|Rasgrp1|S100a8|S100a9|Appl2|Rasgrp4|Trim30b|Cd300lf|Tnip3,-1.3216558791382758,0,9,0,0,-5.304458873224204,7.0322366234629445,
1,-3.7602774411373634,GO:0002831,M1,1,0,GO Biological Processes,19,regulation of response to biotic stimulus,19_GO:0050896 response to stimulus,-3.7602774411373634,2.9738314079320913,4.516367312773267,21160,603,177,15,8.474576271186441,2.093356702354114,11501|12768|14134|14191|14289|17002|17084|19419|20201|20202|216190|233046|244183|246746|414084,Adam8|Ccr1|Fcnb|Fgr|Fpr2|Ltf|Ly86|Rasgrp1|S100a8|S100a9|Appl2|Rasgrp4|Trim30b|Cd300lf|Tnip3,-1.1313897451182577,0,9,0,0,-5.304458873224204,7.0322366234629445,
1,-3.0851469447212163,GO:0050766,M1,1,0,GO Biological Processes,19,positive regulation of phagocytosis,19_GO:0051179 localization,-3.0851469447212163,6.870576011429315,5.039385366039417,21160,87,177,5,2.824858757062147,1.2453439810444045,14134|14289|16016|216190|246746,Fcnb|Fpr2|Ighg2b|Appl2|Cd300lf,-0.7623100457411429,0,9,0,0,-5.304458873224204,7.0322366234629445,
1,-3.019338936257652,GO:0002833,M1,1,0,GO Biological Processes,19,positive regulation of response to biotic stimulus,19_GO:0048518 positive regulation of biological process,-3.019338936257652,3.3115795733759024,4.068568513111447,21160,361,177,10,5.649717514124294,1.7353949768147372,11501|14134|14289|17002|17084|19419|233046|244183|246746|414084,Adam8|Fcnb|Fpr2|Ltf|Ly86|Rasgrp1|Rasgrp4|Trim30b|Cd300lf|Tnip3,-0.7160241769800536,0,9,0,0,-5.304458873224204,7.0322366234629445,
1,-2.7304093987478435,GO:0045089,M1,1,0,GO Biological Processes,19,positive regulation of innate immune response,19_GO:0044419 biological process involved in interspecies interaction between organisms,-2.7304093987478435,3.270310648601308,3.81178667741785,21160,329,177,9,5.084745762711864,1.6512620354151006,11501|14134|14289|17002|19419|233046|244183|246746|414084,Adam8|Fcnb|Fpr2|Ltf|Rasgrp1|Rasgrp4|Trim30b|Cd300lf|Tnip3,-0.5346277976540864,0,9,0,0,-5.304458873224204,7.0322366234629445,
1,-2.728798087506617,GO:0002253,M1,1,0,GO Biological Processes,19,activation of immune response,19_GO:0002376 immune system process,-2.728798087506617,3.0265322176929135,3.734104819151017,21160,395,177,10,5.649717514124294,1.7353949768147372,12487|14134|14289|16016|238447|240754|244183|246746|404711|414084,Cd28|Fcnb|Fpr2|Ighg2b|Igha|Lax1|Trim30b|Cd300lf|Ighg2c|Tnip3,-0.5346277976540864,0,9,0,0,-5.304458873224204,7.0322366234629445,
1,-2.606555120344167,GO:0060627,M1,1,0,GO Biological Processes,19,regulation of vesicle-mediated transport,19_GO:0051179 localization,-2.606555120344167,2.4747202130339345,3.4456744225054456,21160,628,177,13,7.344632768361582,1.9608018167574335,11687|13821|14134|14191|14289|16016|19204|20620|20971|68891|216190|241062|246746,Alox15|Epb41l1|Fcnb|Fgr|Fpr2|Ighg2b|Ptafr|Plk2|Sdc4|Cd177|Appl2|Pgap1|Cd300lf,-0.4742813729627,0,9,0,0,-5.304458873224204,7.0322366234629445,
1,-2.5336619058539775,GO:0030100,M1,1,0,GO Biological Processes,19,regulation of endocytosis,19_GO:0051179 localization,-2.5336619058539775,3.056625577812018,3.573648281638177,21160,352,177,9,5.084745762711864,1.6512620354151006,11687|14134|14191|14289|16016|20620|68891|216190|246746,Alox15|Fcnb|Fgr|Fpr2|Ighg2b|Plk2|Cd177|Appl2|Cd300lf,-0.43267375649026035,0,9,0,0,-5.304458873224204,7.0322366234629445,
1,-2.175508953410363,GO:0045807,M1,1,0,GO Biological Processes,19,positive regulation of endocytosis,19_GO:0051179 localization,-2.175508953410363,3.6044629929307552,3.3903079048459532,21160,199,177,6,3.389830508474576,1.3602344845448682,14134|14289|16016|20620|216190|246746,Fcnb|Fpr2|Ighg2b|Plk2|Appl2|Cd300lf,-0.19874376627409684,0,9,0,0,-5.304458873224204,7.0322366234629445,
1,-4.954623822734571,GO:0002250,M1,1,0,GO Biological Processes,19,adaptive immune response,19_GO:0002376 immune system process,-4.954623822734571,3.7911635073637444,5.6385508795854005,21160,473,177,15,8.474576271186441,2.093356702354114,12504|14728|16016|16071|16182|16842|18733|19373|20555|26888|208154|238447|240754|404711|780818,Cd4|Lilrb4a|Ighg2b|Igkc|Il18r1|Lef1|Pirb|Rag1|Slfn1|Clec4a2|Btla|Igha|Lax1|Ighg2c|Ighv11-2,-1.99329766679986,0,10,1,1,-4.954623822734571,9.43800178412132,
1,-3.6137548468532703,GO:0019730,M1,1,0,GO Biological Processes,19,antimicrobial humoral response,19_GO:0044419 biological process involved in interspecies interaction between organisms,-3.6137548468532703,4.904534260466464,5.030828613656012,21160,195,177,8,4.519774011299435,1.561451309578653,12796|16016|17002|20202|20305|66107|238447|404711,Camp|Ighg2b|Ltf|S100a9|Ccl6|Wfdc21|Igha|Ighg2c,-1.050368699590597,0,10,0,0,-4.954623822734571,9.43800178412132,
1,-3.548396022881132,GO:0019731,M1,1,0,GO Biological Processes,19,antibacterial humoral response,19_GO:0044419 biological process involved in interspecies interaction between organisms,-3.548396022881132,6.703627435450657,5.432333887598895,21160,107,177,6,3.389830508474576,1.3602344845448682,12796|16016|17002|66107|238447|404711,Camp|Ighg2b|Ltf|Wfdc21|Igha|Ighg2c,-1.0020432149172391,0,10,0,0,-4.954623822734571,9.43800178412132,
1,-3.1208706746449164,GO:0006959,M1,1,0,GO Biological Processes,19,humoral immune response,19_GO:0002376 immune system process,-3.1208706746449164,3.7229488006568525,4.2807235302189435,21160,289,177,9,5.084745762711864,1.6512620354151006,12796|14134|16016|17002|20202|20305|66107|238447|404711,Camp|Fcnb|Ighg2b|Ltf|S100a9|Ccl6|Wfdc21|Igha|Ighg2c,-0.7623100457411429,0,10,0,0,-4.954623822734571,9.43800178412132,
1,-2.9365305983450143,GO:0006956,M1,1,0,GO Biological Processes,19,complement activation,19_GO:0002376 immune system process,-2.9365305983450143,8.694401643554187,5.247638759578419,21160,55,177,4,2.2598870056497176,1.1171028188283647,14134|16016|238447|404711,Fcnb|Ighg2b|Igha|Ighg2c,-0.6609461810125672,0,10,0,0,-4.954623822734571,9.43800178412132,
1,-2.4072588654224383,GO:0006958,M1,1,0,GO Biological Processes,19,"complement activation, classical pathway",19_GO:0002376 immune system process,-2.4072588654224383,9.43800178412132,4.781501586221025,21160,38,177,3,1.694915254237288,0.9702314585073516,16016|238447|404711,Ighg2b|Igha|Ighg2c,-0.3623866580376525,0,10,0,0,-4.954623822734571,9.43800178412132,
1,-2.2826843673894803,GO:0002252,M1,1,0,GO Biological Processes,19,immune effector process,19_GO:0002376 immune system process,-2.2826843673894803,2.4765127092044645,3.164796388322722,21160,531,177,11,6.214689265536723,1.8146400304293673,14134|15900|16016|16182|16842|18089|18733|19419|238447|404711|780818,Fcnb|Irf8|Ighg2b|Il18r1|Lef1|Nkx2-3|Pirb|Rasgrp1|Igha|Ighg2c|Ighv11-2,-0.27318124677068145,0,10,0,0,-4.954623822734571,9.43800178412132,
1,-2.227263642650983,GO:0002455,M1,1,0,GO Biological Processes,19,humoral immune response mediated by circulating immunoglobulin,19_GO:0002376 immune system process,-2.227263642650983,8.151001540832048,4.361017157784451,21160,44,177,3,1.694915254237288,0.9702314585073516,16016|238447|404711,Ighg2b|Igha|Ighg2c,-0.23207921945530458,0,10,0,0,-4.954623822734571,9.43800178412132,
1,-4.826706596867889,GO:0002697,M1,1,0,GO Biological Processes,19,regulation of immune effector process,19_GO:0002376 immune system process,-4.826706596867889,3.697361523676394,5.519346767102026,21160,485,177,15,8.474576271186441,2.093356702354114,12487|13861|14134|14191|14728|16016|16182|19074|19204|19419|20202|57757|68891|216190|233046,Cd28|Epx|Fcnb|Fgr|Lilrb4a|Ighg2b|Il18r1|Prg2|Ptafr|Rasgrp1|S100a9|Pglyrp2|Cd177|Appl2|Rasgrp4,-1.8865697400031163,0,11,1,1,-4.826706596867889,11.569163477310004,
1,-4.052533113694713,GO:0002699,M1,1,0,GO Biological Processes,19,positive regulation of immune effector process,19_GO:0002376 immune system process,-4.052533113694713,4.083938660209847,5.1216047839256555,21160,322,177,11,6.214689265536723,1.8146400304293673,12487|14134|14191|14728|16016|16182|19204|19419|68891|216190|233046,Cd28|Fcnb|Fgr|Lilrb4a|Ighg2b|Il18r1|Ptafr|Rasgrp1|Cd177|Appl2|Rasgrp4,-1.3216558791382758,0,11,0,0,-4.826706596867889,11.569163477310004,
1,-2.8603479531048945,GO:0002705,M1,1,0,GO Biological Processes,19,positive regulation of leukocyte mediated immunity,19_GO:0002376 immune system process,-2.8603479531048945,4.247899280162895,4.206388302471476,21160,197,177,7,3.9548022598870056,1.464918896491827,12487|16016|16182|19204|19419|68891|233046,Cd28|Ighg2b|Il18r1|Ptafr|Rasgrp1|Cd177|Rasgrp4,-0.602313175288845,0,11,0,0,-4.826706596867889,11.569163477310004,
1,-2.840627267753873,GO:0002703,M1,1,0,GO Biological Processes,19,regulation of leukocyte mediated immunity,19_GO:0002376 immune system process,-2.840627267753873,3.394107897128803,3.944515329517288,21160,317,177,9,5.084745762711864,1.6512620354151006,12487|14191|14728|16016|16182|19204|19419|68891|233046,Cd28|Fgr|Lilrb4a|Ighg2b|Il18r1|Ptafr|Rasgrp1|Cd177|Rasgrp4,-0.5968758171794977,0,11,0,0,-4.826706596867889,11.569163477310004,
1,-2.662081678919392,GO:0002888,M1,1,0,GO Biological Processes,19,positive regulation of myeloid leukocyte mediated immunity,19_GO:0002376 immune system process,-2.662081678919392,11.569163477310004,5.40856935188856,21160,31,177,3,1.694915254237288,0.9702314585073516,16016|19204|68891,Ighg2b|Ptafr|Cd177,-0.5060128766412108,0,11,0,0,-4.826706596867889,11.569163477310004,
1,-2.4407667929051025,GO:0002886,M1,1,0,GO Biological Processes,19,regulation of myeloid leukocyte mediated immunity,19_GO:0002376 immune system process,-2.4407667929051025,6.375894538606404,4.283462621945021,21160,75,177,4,2.2598870056497176,1.1171028188283647,14191|16016|19204|68891,Fgr|Ighg2b|Ptafr|Cd177,-0.3874816191966164,0,11,0,0,-4.826706596867889,11.569163477310004,
1,-2.4403227562526775,GO:0043302,M1,1,0,GO Biological Processes,19,positive regulation of leukocyte degranulation,19_GO:0002376 immune system process,-2.4403227562526775,9.693082913421897,4.860682977701743,21160,37,177,3,1.694915254237288,0.9702314585073516,14191|19204|68891,Fgr|Ptafr|Cd177,-0.3874816191966164,0,11,0,0,-4.826706596867889,11.569163477310004,
1,-4.706635693434584,GO:0032714,M1,1,0,GO Biological Processes,19,negative regulation of interleukin-5 production,19_GO:0048519 negative regulation of biological process,-4.706635693434584,51.23486682808716,12.208679777722637,21160,7,177,3,1.694915254237288,0.9702314585073516,13861|14728|16842,Epx|Lilrb4a|Lef1,-1.786702222658098,0,12,1,1,-4.706635693434584,51.23486682808716,
1,-3.7437885310315693,GO:0032673,M1,1,0,GO Biological Processes,19,regulation of interleukin-4 production,19_GO:0032501 multicellular organismal process,-3.7437885310315693,14.064473246925889,7.002016612710754,21160,34,177,4,2.2598870056497176,1.1171028188283647,12487|13861|16842|19074,Cd28|Epx|Lef1|Prg2,-1.1266880008623787,0,12,0,0,-4.706635693434584,51.23486682808716,
1,-3.1643210741992185,GO:0032674,M1,1,0,GO Biological Processes,19,regulation of interleukin-5 production,19_GO:0032501 multicellular organismal process,-3.1643210741992185,17.07828894269572,6.770296196552166,21160,21,177,3,1.694915254237288,0.9702314585073516,13861|14728|16842,Epx|Lilrb4a|Lef1,-0.7642915066870162,0,12,0,0,-4.706635693434584,51.23486682808716,
1,-3.1033205831404045,GO:0032693,M1,1,0,GO Biological Processes,19,negative regulation of interleukin-10 production,19_GO:0048519 negative regulation of biological process,-3.1033205831404045,16.302003081664097,6.59520183397691,21160,22,177,3,1.694915254237288,0.9702314585073516,13861|14728|19074,Epx|Lilrb4a|Prg2,-0.7623100457411429,0,12,0,0,-4.706635693434584,51.23486682808716,
1,-2.8380426697082517,GO:0032753,M1,1,0,GO Biological Processes,19,positive regulation of interleukin-4 production,19_GO:0048518 positive regulation of biological process,-2.8380426697082517,13.283113622096673,5.865569525492801,21160,27,177,3,1.694915254237288,0.9702314585073516,12487|13861|19074,Cd28|Epx|Prg2,-0.5968758171794977,0,12,0,0,-4.706635693434584,51.23486682808716,
1,-2.6668526134537545,GO:0032653,M1,1,0,GO Biological Processes,19,regulation of interleukin-10 production,19_GO:0032501 multicellular organismal process,-2.6668526134537545,7.3568013906996965,4.71417790832218,21160,65,177,4,2.2598870056497176,1.1171028188283647,12487|13861|14728|19074,Cd28|Epx|Lilrb4a|Prg2,-0.5060128766412108,0,12,0,0,-4.706635693434584,51.23486682808716,
1,-2.509527589764657,GO:0002719,M1,1,0,GO Biological Processes,19,negative regulation of cytokine production involved in immune response,19_GO:0002376 immune system process,-2.509527589764657,10.246973365617434,5.028467901637246,21160,35,177,3,1.694915254237288,0.9702314585073516,13861|14728|19074,Epx|Lilrb4a|Prg2,-0.42035770657823895,0,12,0,0,-4.706635693434584,51.23486682808716,
1,-2.227263642650983,GO:0061082,M1,1,0,GO Biological Processes,19,myeloid leukocyte cytokine production,19_GO:0002376 immune system process,-2.227263642650983,8.151001540832048,4.361017157784451,21160,44,177,3,1.694915254237288,0.9702314585073516,13861|19074|19419,Epx|Prg2|Rasgrp1,-0.23207921945530458,0,12,0,0,-4.706635693434584,51.23486682808716,
1,-2.173298187942563,GO:0002701,M1,1,0,GO Biological Processes,19,negative regulation of production of molecular mediator of immune response,19_GO:0002376 immune system process,-2.173298187942563,7.796610169491525,4.238248630504516,21160,46,177,3,1.694915254237288,0.9702314585073516,13861|14728|19074,Epx|Lilrb4a|Prg2,-0.19874376627409684,0,12,0,0,-4.706635693434584,51.23486682808716,
1,-4.561590045832487,GO:0002683,M1,1,0,GO Biological Processes,19,negative regulation of immune system process,19_GO:0002376 immune system process,-4.561590045832487,3.3323490619894094,5.2031209572211115,21160,574,177,16,9.03954802259887,2.155326307183002,11687|12768|13861|14191|14728|17002|19074|20555|20971|21825|57757|208154|240754|242248|246746|380924,Alox15|Ccr1|Epx|Fgr|Lilrb4a|Ltf|Prg2|Slfn1|Sdc4|Thbs1|Pglyrp2|Btla|Lax1|Bank1|Cd300lf|Olfm4,-1.6609617302513877,0,13,1,1,-4.561590045832487,9.962335216572505,
1,-4.2104627956696525,GO:0002695,M1,1,0,GO Biological Processes,19,negative regulation of leukocyte activation,19_GO:0002376 immune system process,-4.2104627956696525,5.222971861115681,5.593952059853234,21160,206,177,9,5.084745762711864,1.6512620354151006,14191|14728|20555|20971|57757|208154|240754|242248|246746,Fgr|Lilrb4a|Slfn1|Sdc4|Pglyrp2|Btla|Lax1|Bank1|Cd300lf,-1.4105046419699165,0,13,0,0,-4.561590045832487,9.962335216572505,
1,-3.903189853492705,GO:0050866,M1,1,0,GO Biological Processes,19,negative regulation of cell activation,19_GO:0048519 negative regulation of biological process,-3.903189853492705,4.760761961901904,5.220407048214948,21160,226,177,9,5.084745762711864,1.6512620354151006,14191|14728|20555|20971|57757|208154|240754|242248|246746,Fgr|Lilrb4a|Slfn1|Sdc4|Pglyrp2|Btla|Lax1|Bank1|Cd300lf,-1.2206172985108232,0,13,0,0,-4.561590045832487,9.962335216572505,
1,-3.8512483994933846,GO:0051250,M1,1,0,GO Biological Processes,19,negative regulation of lymphocyte activation,19_GO:0002376 immune system process,-3.8512483994933846,5.31324544883867,5.337502549905605,21160,180,177,8,4.519774011299435,1.561451309578653,14191|14728|20555|20971|57757|208154|240754|242248,Fgr|Lilrb4a|Slfn1|Sdc4|Pglyrp2|Btla|Lax1|Bank1,-1.2016761046144282,0,13,0,0,-4.561590045832487,9.962335216572505,
1,-3.257728728577563,GO:0002764,M1,1,0,GO Biological Processes,19,immune response-regulating signaling pathway,19_GO:0002376 immune system process,-3.257728728577563,3.5579768630616093,4.340948017736949,21160,336,177,10,5.649717514124294,1.7353949768147372,12487|14134|14289|14728|17086|18733|208154|240754|246746|414084,Cd28|Fcnb|Fpr2|Lilrb4a|Ncr1|Pirb|Btla|Lax1|Cd300lf|Tnip3,-0.8015525509627579,0,13,0,0,-4.561590045832487,9.962335216572505,
1,-2.6368327525311073,GO:1903038,M1,1,0,GO Biological Processes,19,negative regulation of leukocyte cell-cell adhesion,19_GO:0048519 negative regulation of biological process,-2.6368327525311073,4.483050847457627,4.061725510827314,21160,160,177,6,3.389830508474576,1.3602344845448682,11501|14728|20555|20971|208154|240754,Adam8|Lilrb4a|Slfn1|Sdc4|Btla|Lax1,-0.49260848646457467,0,13,0,0,-4.561590045832487,9.962335216572505,
1,-2.5999856956657124,GO:0022408,M1,1,0,GO Biological Processes,19,negative regulation of cell-cell adhesion,19_GO:0048519 negative regulation of biological process,-2.5999856956657124,3.8211696721100017,3.8543661417002215,21160,219,177,7,3.9548022598870056,1.464918896491827,11501|14728|20555|20971|23939|208154|240754,Adam8|Lilrb4a|Slfn1|Sdc4|Mapk7|Btla|Lax1,-0.4711684524372378,0,13,0,0,-4.561590045832487,9.962335216572505,
1,-2.47439283072981,GO:0050869,M1,1,0,GO Biological Processes,19,negative regulation of B cell activation,19_GO:0002376 immune system process,-2.47439283072981,9.962335216572505,4.942933490240677,21160,36,177,3,1.694915254237288,0.9702314585073516,14728|208154|242248,Lilrb4a|Btla|Bank1,-0.4068964344491608,0,13,0,0,-4.561590045832487,9.962335216572505,
1,-2.410701550691271,GO:0002768,M1,1,0,GO Biological Processes,19,immune response-regulating cell surface receptor signaling pathway,19_GO:0002376 immune system process,-2.410701550691271,3.530954253975065,3.5987104347044108,21160,237,177,7,3.9548022598870056,1.464918896491827,12487|14134|14289|14728|208154|240754|414084,Cd28|Fcnb|Fpr2|Lilrb4a|Btla|Lax1|Tnip3,-0.3623866580376525,0,13,0,0,-4.561590045832487,9.962335216572505,
1,-2.302279724815985,GO:0042130,M1,1,0,GO Biological Processes,19,negative regulation of T cell proliferation,19_GO:0002376 immune system process,-2.302279724815985,5.831610858481467,4.026100270792007,21160,82,177,4,2.2598870056497176,1.1171028188283647,14728|20555|20971|208154,Lilrb4a|Slfn1|Sdc4|Btla,-0.2829616219035874,0,13,0,0,-4.561590045832487,9.962335216572505,
1,-2.232860986881154,GO:0007162,M1,1,0,GO Biological Processes,19,negative regulation of cell adhesion,19_GO:0048519 negative regulation of biological process,-2.232860986881154,2.9701372074253434,3.271875759634265,21160,322,177,8,4.519774011299435,1.561451309578653,11501|14728|20555|20971|21825|23939|208154|240754,Adam8|Lilrb4a|Slfn1|Sdc4|Thbs1|Mapk7|Btla|Lax1,-0.23295592501289164,0,13,0,0,-4.561590045832487,9.962335216572505,
1,-2.1945861337017383,GO:0050670,M1,1,0,GO Biological Processes,19,regulation of lymphocyte proliferation,19_GO:0002376 immune system process,-2.1945861337017383,3.218600608431117,3.305925564243201,21160,260,177,7,3.9548022598870056,1.464918896491827,12182|12487|12504|14728|20555|20971|208154,Bst1|Cd28|Cd4|Lilrb4a|Slfn1|Sdc4|Btla,-0.20798425490005734,0,13,0,0,-4.561590045832487,9.962335216572505,
1,-2.1652261514846853,GO:0042129,M1,1,0,GO Biological Processes,19,regulation of T cell proliferation,19_GO:0002376 immune system process,-2.1652261514846853,3.5864406779661016,3.3753770469483726,21160,200,177,6,3.389830508474576,1.3602344845448682,12487|12504|14728|20555|20971|208154,Cd28|Cd4|Lilrb4a|Slfn1|Sdc4|Btla,-0.1929046112485113,0,13,0,0,-4.561590045832487,9.962335216572505,
1,-2.150963847623362,GO:0032944,M1,1,0,GO Biological Processes,19,regulation of mononuclear cell proliferation,19_GO:0050789 regulation of biological process,-2.150963847623362,3.1578722950644917,3.2465933931459627,21160,265,177,7,3.9548022598870056,1.464918896491827,12182|12487|12504|14728|20555|20971|208154,Bst1|Cd28|Cd4|Lilrb4a|Slfn1|Sdc4|Btla,-0.18379187432557142,0,13,0,0,-4.561590045832487,9.962335216572505,
1,-2.1481694042317554,GO:0050868,M1,1,0,GO Biological Processes,19,negative regulation of T cell activation,19_GO:0002376 immune system process,-2.1481694042317554,4.180000790170283,3.504372766632507,21160,143,177,5,2.824858757062147,1.2453439810444045,14728|20555|20971|208154|240754,Lilrb4a|Slfn1|Sdc4|Btla|Lax1,-0.18379187432557142,0,13,0,0,-4.561590045832487,9.962335216572505,
1,-2.0868892386693956,GO:0050864,M1,1,0,GO Biological Processes,19,regulation of B cell activation,19_GO:0002376 immune system process,-2.0868892386693956,4.038784547259124,3.4071988701871,21160,148,177,5,2.824858757062147,1.2453439810444045,12182|12487|14728|208154|242248,Bst1|Cd28|Lilrb4a|Btla|Bank1,-0.1549468604198944,0,13,0,0,-4.561590045832487,9.962335216572505,
1,-2.0472314988285465,GO:0050672,M1,1,0,GO Biological Processes,19,negative regulation of lymphocyte proliferation,19_GO:0002376 immune system process,-2.0472314988285465,4.929815364901859,3.562856343874669,21160,97,177,4,2.2598870056497176,1.1171028188283647,14728|20555|20971|208154,Lilrb4a|Slfn1|Sdc4|Btla,-0.12133508107838399,0,13,0,0,-4.561590045832487,9.962335216572505,
1,-2.0167856766746675,GO:0032945,M1,1,0,GO Biological Processes,19,negative regulation of mononuclear cell proliferation,19_GO:0048519 negative regulation of biological process,-2.0167856766746675,4.8302231353078815,3.5083473956770264,21160,99,177,4,2.2598870056497176,1.1171028188283647,14728|20555|20971|208154,Lilrb4a|Slfn1|Sdc4|Btla,-0.10843534551449747,0,13,0,0,-4.561590045832487,9.962335216572505,
1,-4.259779927604586,GO:0030099,M1,1,0,GO Biological Processes,19,myeloid cell differentiation,19_GO:0032502 developmental process,-4.259779927604586,3.973895488051082,5.2342985218105005,21160,361,177,12,6.779661016949152,1.889612249391879,11501|11656|12504|12768|15900|16842|17132|18089|18574|18733|19743|246746,Adam8|Alas2|Cd4|Ccr1|Irf8|Lef1|Maf|Nkx2-3|Pde1b|Pirb|Rhag|Cd300lf,-1.4445818073481131,0,14,1,1,-4.259779927604586,4.475059669476419,
1,-2.9910953836662073,GO:0002573,M1,1,0,GO Biological Processes,19,myeloid leukocyte differentiation,19_GO:0032502 developmental process,-2.9910953836662073,4.475059669476419,4.383824940866058,21160,187,177,7,3.9548022598870056,1.464918896491827,11501|12504|16842|18089|18574|18733|246746,Adam8|Cd4|Lef1|Nkx2-3|Pde1b|Pirb|Cd300lf,-0.6960916340051387,0,14,0,0,-4.259779927604586,4.475059669476419,
1,-4.100725637016407,GO:0001818,M1,1,0,GO Biological Processes,19,negative regulation of cytokine production,19_GO:0048519 negative regulation of biological process,-4.100725637016407,4.1353089578225495,5.17397849905505,21160,318,177,11,6.214689265536723,1.8146400304293673,13861|14728|16842|17002|19074|21825|26888|57757|216190|225884|242248,Epx|Lilrb4a|Lef1|Ltf|Prg2|Thbs1|Clec4a2|Pglyrp2|Appl2|Gstp3|Bank1,-1.329731179251988,0,15,1,1,-4.100725637016407,6.550576580760003,
1,-2.4831020590918174,GO:1903556,M1,1,0,GO Biological Processes,19,negative regulation of tumor necrosis factor superfamily cytokine production,19_GO:0048519 negative regulation of biological process,-2.4831020590918174,6.550576580760003,4.363073630591698,21160,73,177,4,2.2598870056497176,1.1171028188283647,14728|17002|26888|225884,Lilrb4a|Ltf|Clec4a2|Gstp3,-0.4068964344491608,0,15,0,0,-4.100725637016407,6.550576580760003,
1,-3.9037606745774505,GO:0061484,M1,1,0,GO Biological Processes,19,hematopoietic stem cell homeostasis,19_GO:0042592 homeostatic process,-3.9037606745774505,15.425551303080008,7.382002826376204,21160,31,177,4,2.2598870056497176,1.1171028188283647,14314|59308|83691|245607,Fstl1|Emcn|Crispld1|Gprasp2,-1.2206172985108232,0,16,1,1,-3.9037606745774505,15.425551303080008,
1,-3.7083621004467764,GO:0032815,M1,1,0,GO Biological Processes,19,negative regulation of natural killer cell activation,19_GO:0002376 immune system process,-3.7083621004467764,25.61743341404358,8.462391003150527,21160,14,177,3,1.694915254237288,0.9702314585073516,14191|14728|57757,Fgr|Lilrb4a|Pglyrp2,-1.1223132281033916,0,17,1,1,-3.7083621004467764,25.61743341404358,
1,-3.092977419368745,GO:0032814,M1,1,0,GO Biological Processes,19,regulation of natural killer cell activation,19_GO:0002376 immune system process,-3.092977419368745,9.563841807909604,5.568137279410348,21160,50,177,4,2.2598870056497176,1.1171028188283647,14191|14728|19419|57757,Fgr|Lilrb4a|Rasgrp1|Pglyrp2,-0.7623100457411429,0,17,0,0,-3.7083621004467764,25.61743341404358,
1,-2.2928445841650107,GO:0032649,M1,1,0,GO Biological Processes,19,regulation of type II interferon production,19_GO:0032501 multicellular organismal process,-2.2928445841650107,4.528334189351139,3.7347205090818654,21160,132,177,5,2.824858757062147,1.2453439810444045,14728|15900|16182|19419|57757,Lilrb4a|Irf8|Il18r1|Rasgrp1|Pglyrp2,-0.27600110038046843,0,17,0,0,-3.7083621004467764,25.61743341404358,
1,-3.7034281423264965,GO:0043903,M1,1,0,GO Biological Processes,19,regulation of biological process involved in symbiotic interaction,19_GO:0044419 biological process involved in interspecies interaction between organisms,-3.7034281423264965,9.339689265536725,6.1367751340169425,21160,64,177,5,2.824858757062147,1.2453439810444045,12504|14134|17002|213002|244183,Cd4|Fcnb|Ltf|Ifitm6|Trim30b,-1.1223132281033916,0,18,1,1,-3.7034281423264965,10.868002054442732,
1,-3.4249371794688828,GO:1903900,M1,1,0,GO Biological Processes,19,regulation of viral life cycle,19_GO:0016032 viral process,-3.4249371794688828,5.296431380962598,4.978591674746746,21160,158,177,7,3.9548022598870056,1.464918896491827,12504|14134|17002|23962|213002|244183|246728,Cd4|Fcnb|Ltf|Oasl2|Ifitm6|Trim30b|Oas2,-0.8930459172193174,0,18,0,0,-3.7034281423264965,10.868002054442732,
1,-3.3799943678351876,GO:0048525,M1,1,0,GO Biological Processes,19,negative regulation of viral process,19_GO:0016032 viral process,-3.3799943678351876,6.237288135593221,5.172271756222194,21160,115,177,6,3.389830508474576,1.3602344845448682,14134|17002|23962|213002|244183|246728,Fcnb|Ltf|Oasl2|Ifitm6|Trim30b|Oas2,-0.873513071908987,0,18,0,0,-3.7034281423264965,10.868002054442732,
1,-3.1263706646487974,GO:0046596,M1,1,0,GO Biological Processes,19,regulation of viral entry into host cell,19_GO:0016032 viral process,-3.1263706646487974,9.759022252968984,5.637670364260716,21160,49,177,4,2.2598870056497176,1.1171028188283647,12504|14134|213002|244183,Cd4|Fcnb|Ifitm6|Trim30b,-0.7623100457411429,0,18,0,0,-3.7034281423264965,10.868002054442732,
1,-2.9665078470511155,GO:0052372,M1,1,0,GO Biological Processes,19,modulation by symbiont of entry into host,19_GO:0044419 biological process involved in interspecies interaction between organisms,-2.9665078470511155,8.855409081397783,5.308393779851196,21160,54,177,4,2.2598870056497176,1.1171028188283647,12504|14134|213002|244183,Cd4|Fcnb|Ifitm6|Trim30b,-0.6796272870531371,0,18,0,0,-3.7034281423264965,10.868002054442732,
1,-2.9642598333629815,GO:0050792,M1,1,0,GO Biological Processes,19,regulation of viral process,19_GO:0016032 viral process,-2.9642598333629815,4.42770454069889,4.347355183022735,21160,189,177,7,3.9548022598870056,1.464918896491827,12504|14134|17002|23962|213002|244183|246728,Cd4|Fcnb|Ltf|Oasl2|Ifitm6|Trim30b|Oas2,-0.6796272870531371,0,18,0,0,-3.7034281423264965,10.868002054442732,
1,-2.691628294704185,GO:0045071,M1,1,0,GO Biological Processes,19,negative regulation of viral genome replication,19_GO:0016032 viral process,-2.691628294704185,7.471751412429379,4.762249752572721,21160,64,177,4,2.2598870056497176,1.1171028188283647,17002|23962|213002|246728,Ltf|Oasl2|Ifitm6|Oas2,-0.5191772545448912,0,18,0,0,-3.7034281423264965,10.868002054442732,
1,-2.5832520743109,GO:0031664,M1,1,0,GO Biological Processes,19,regulation of lipopolysaccharide-mediated signaling pathway,19_GO:0044419 biological process involved in interspecies interaction between organisms,-2.5832520743109,10.868002054442732,5.210359592933003,21160,33,177,3,1.694915254237288,0.9702314585073516,17002|17084|244183,Ltf|Ly86|Trim30b,-0.46484029879158634,0,18,0,0,-3.7034281423264965,10.868002054442732,
1,-2.509527589764657,GO:0046597,M1,1,0,GO Biological Processes,19,negative regulation of viral entry into host cell,19_GO:0016032 viral process,-2.509527589764657,10.246973365617434,5.028467901637246,21160,35,177,3,1.694915254237288,0.9702314585073516,14134|213002|244183,Fcnb|Ifitm6|Trim30b,-0.42035770657823895,0,18,0,0,-3.7034281423264965,10.868002054442732,
1,-2.343938594613551,GO:1903901,M1,1,0,GO Biological Processes,19,negative regulation of viral life cycle,19_GO:0016032 viral process,-2.343938594613551,8.966101694915254,4.631581357324078,21160,40,177,3,1.694915254237288,0.9702314585073516,14134|213002|244183,Fcnb|Ifitm6|Trim30b,-0.3120313643931329,0,18,0,0,-3.7034281423264965,10.868002054442732,
1,-2.3316075574921844,GO:0009615,M1,1,0,GO Biological Processes,19,response to virus,19_GO:0044419 biological process involved in interspecies interaction between organisms,-2.3316075574921844,2.846381490449287,3.326779982372598,21160,378,177,9,5.084745762711864,1.6512620354151006,15957|16819|17086|21822|23962|67775|213002|244183|246728,Ifit1|Lcn2|Ncr1|Tgtp1|Oasl2|Rtp4|Ifitm6|Trim30b|Oas2,-0.3072975090222878,0,18,0,0,-3.7034281423264965,10.868002054442732,
1,-2.0167856766746675,GO:0045069,M1,1,0,GO Biological Processes,19,regulation of viral genome replication,19_GO:0016032 viral process,-2.0167856766746675,4.8302231353078815,3.5083473956770264,21160,99,177,4,2.2598870056497176,1.1171028188283647,17002|23962|213002|246728,Ltf|Oasl2|Ifitm6|Oas2,-0.10843534551449747,0,18,0,0,-3.7034281423264965,10.868002054442732,
1,-3.423008308995041,GO:0045765,M1,1,0,GO Biological Processes,19,regulation of angiogenesis,19_GO:0032502 developmental process,-3.423008308995041,3.73587570621469,4.5292146878411135,21160,320,177,10,5.649717514124294,1.7353949768147372,11555|12771|12796|13058|17395|18054|20620|21825|23939|76905,Adrb2|Ccr3|Camp|Cybb|Mmp9|Ngp|Plk2|Thbs1|Mapk7|Lrg1,-0.8930459172193174,0,19,1,1,-3.423008308995041,3.8983050847457625,
1,-3.3493923521145885,GO:1901342,M1,1,0,GO Biological Processes,19,regulation of vasculature development,19_GO:0032502 developmental process,-3.3493923521145885,3.655902831769727,4.445397117312536,21160,327,177,10,5.649717514124294,1.7353949768147372,11555|12771|12796|13058|17395|18054|20620|21825|23939|76905,Adrb2|Ccr3|Camp|Cybb|Mmp9|Ngp|Plk2|Thbs1|Mapk7|Lrg1,-0.8578882121580407,0,19,0,0,-3.423008308995041,3.8983050847457625,
1,-2.3382048641700584,GO:0045766,M1,1,0,GO Biological Processes,19,positive regulation of angiogenesis,19_GO:0032502 developmental process,-2.3382048641700584,3.8983050847457625,3.6265367702710947,21160,184,177,6,3.389830508474576,1.3602344845448682,12771|12796|13058|17395|21825|76905,Ccr3|Camp|Cybb|Mmp9|Thbs1|Lrg1,-0.3088448229635201,0,19,0,0,-3.423008308995041,3.8983050847457625,
1,-2.3043381409669164,GO:1904018,M1,1,0,GO Biological Processes,19,positive regulation of vasculature development,19_GO:0032502 developmental process,-2.3043381409669164,3.8357654309797877,3.5773484213720024,21160,187,177,6,3.389830508474576,1.3602344845448682,12771|12796|13058|17395|21825|76905,Ccr3|Camp|Cybb|Mmp9|Thbs1|Lrg1,-0.2829616219035874,0,19,0,0,-3.423008308995041,3.8983050847457625,
1,-2.0166830579657886,GO:0001936,M1,1,0,GO Biological Processes,19,regulation of endothelial cell proliferation,19_GO:0050789 regulation of biological process,-2.0166830579657886,3.8814293051581195,3.2960748145039185,21160,154,177,5,2.824858757062147,1.2453439810444045,12771|15370|21825|22436|76905,Ccr3|Nr4a1|Thbs1|Xdh|Lrg1,-0.10843534551449747,0,19,0,0,-3.423008308995041,3.8983050847457625,
1,-3.382814515645037,GO:0048872,M1,1,0,GO Biological Processes,19,homeostasis of number of cells,19_GO:0042592 homeostatic process,-3.382814515645037,3.4156577885391446,4.393348665201943,21160,385,177,11,6.214689265536723,1.8146400304293673,11656|14013|14314|14728|18089|18733|19373|19743|59308|83691|245607,Alas2|Mecom|Fstl1|Lilrb4a|Nkx2-3|Pirb|Rag1|Rhag|Emcn|Crispld1|Gprasp2,-0.873513071908987,0,20,1,1,-3.382814515645037,4.706615062947641,
1,-2.3635789748212415,GO:0001776,M1,1,0,GO Biological Processes,19,leukocyte homeostasis,19_GO:0042592 homeostatic process,-2.3635789748212415,4.706615062947641,3.847947588198795,21160,127,177,5,2.824858757062147,1.2453439810444045,14013|14728|18089|18733|19373,Mecom|Lilrb4a|Nkx2-3|Pirb|Rag1,-0.32541316308606283,0,20,0,0,-3.382814515645037,4.706615062947641,
1,-3.370225345652611,GO:2000116,M1,1,0,GO Biological Processes,19,regulation of cysteine-type endopeptidase activity,19_GO:0050789 regulation of biological process,-3.370225345652611,4.5112461358064175,4.719090806266837,21160,212,177,8,4.519774011299435,1.561451309578653,15370|17002|17395|19373|20201|20202|21825|22436,Nr4a1|Ltf|Mmp9|Rag1|S100a8|S100a9|Thbs1|Xdh,-0.8712971876168563,0,21,1,1,-3.370225345652611,6.950466430166865,
1,-3.1102558900358392,GO:0052548,M1,1,0,GO Biological Processes,19,regulation of endopeptidase activity,19_GO:0050789 regulation of biological process,-3.1102558900358392,3.710111046171829,4.26800847289369,21160,290,177,9,5.084745762711864,1.6512620354151006,15370|17002|17395|19373|20201|20202|21825|22436|208117,Nr4a1|Ltf|Mmp9|Rag1|S100a8|S100a9|Thbs1|Xdh|Aph1b,-0.7623100457411429,0,21,0,0,-3.370225345652611,6.950466430166865,
1,-3.107939895592454,GO:2000117,M1,1,0,GO Biological Processes,19,negative regulation of cysteine-type endopeptidase activity,19_GO:0048519 negative regulation of biological process,-3.107939895592454,6.950466430166865,5.078402973427099,21160,86,177,5,2.824858757062147,1.2453439810444045,15370|17002|17395|19373|21825,Nr4a1|Ltf|Mmp9|Rag1|Thbs1,-0.7623100457411429,0,21,0,0,-3.370225345652611,6.950466430166865,
1,-2.8218721850768795,GO:0052547,M1,1,0,GO Biological Processes,19,regulation of peptidase activity,19_GO:0050789 regulation of biological process,-2.8218721850768795,3.3728282237925717,3.9219565354079875,21160,319,177,9,5.084745762711864,1.6512620354151006,15370|17002|17395|19373|20201|20202|21825|22436|208117,Nr4a1|Ltf|Mmp9|Rag1|S100a8|S100a9|Thbs1|Xdh|Aph1b,-0.5889199172296707,0,21,0,0,-3.370225345652611,6.950466430166865,
1,-2.135702081296619,GO:0010951,M1,1,0,GO Biological Processes,19,negative regulation of endopeptidase activity,19_GO:0048519 negative regulation of biological process,-2.135702081296619,4.150973006905211,3.4845869920748145,21160,144,177,5,2.824858757062147,1.2453439810444045,15370|17002|17395|19373|21825,Nr4a1|Ltf|Mmp9|Rag1|Thbs1,-0.17437592536190805,0,21,0,0,-3.370225345652611,6.950466430166865,
1,-2.0106904749992203,GO:0043065,M1,1,0,GO Biological Processes,19,positive regulation of apoptotic process,19_GO:0048518 positive regulation of biological process,-2.0106904749992203,2.1736004108885463,2.8132977720711647,21160,660,177,12,6.779661016949152,1.889612249391879,11501|11555|15370|15900|16819|17395|19017|20201|20202|20259|21825|338372,Adam8|Adrb2|Nr4a1|Irf8|Lcn2|Mmp9|Ppargc1a|S100a8|S100a9|Scin|Thbs1|Map3k9,-0.10436018059365093,0,21,0,0,-3.370225345652611,6.950466430166865,
1,-3.276539205921182,GO:0035456,M1,1,0,GO Biological Processes,19,response to interferon-beta,19_GO:0050896 response to stimulus,-3.276539205921182,7.566330544232284,5.370207844977723,21160,79,177,5,2.824858757062147,1.2453439810444045,15957|21822|60440|213002|620913,Ifit1|Tgtp1|Iigp1|Ifitm6|Gm12185,-0.8135236037760717,0,22,1,1,-3.276539205921182,10.868002054442732,
1,-2.5832520743109,GO:0035455,M1,1,0,GO Biological Processes,19,response to interferon-alpha,19_GO:0050896 response to stimulus,-2.5832520743109,10.868002054442732,5.210359592933003,21160,33,177,3,1.694915254237288,0.9702314585073516,15957|21822|213002,Ifit1|Tgtp1|Ifitm6,-0.46484029879158634,0,22,0,0,-3.276539205921182,10.868002054442732,
1,-2.549175266366153,GO:0035458,M1,1,0,GO Biological Processes,19,cellular response to interferon-beta,19_GO:0050896 response to stimulus,-2.549175266366153,6.831315577078289,4.488256694538077,21160,70,177,4,2.2598870056497176,1.1171028188283647,15957|21822|60440|620913,Ifit1|Tgtp1|Iigp1|Gm12185,-0.4421551522325228,0,22,0,0,-3.276539205921182,10.868002054442732,
1,-2.284049448566498,GO:0042832,M1,1,0,GO Biological Processes,19,defense response to protozoan,19_GO:0044419 biological process involved in interspecies interaction between organisms,-2.284049448566498,8.53914447134786,4.491803304224934,21160,42,177,3,1.694915254237288,0.9702314585073516,15900|21822|60440,Irf8|Tgtp1|Iigp1,-0.27318124677068145,0,22,0,0,-3.276539205921182,10.868002054442732,
1,-2.147294949514557,GO:0001562,M1,1,0,GO Biological Processes,19,response to protozoan,19_GO:0044419 biological process involved in interspecies interaction between organisms,-2.147294949514557,7.630724846736387,4.179606286829246,21160,47,177,3,1.694915254237288,0.9702314585073516,15900|21822|60440,Irf8|Tgtp1|Iigp1,-0.18379187432557142,0,22,0,0,-3.276539205921182,10.868002054442732,
1,-2.103630390997067,GO:0006914,M1,1,0,GO Biological Processes,19,autophagy,19_GO:0009987 cellular process,-2.103630390997067,2.8211922737196473,3.1045972491947107,21160,339,177,8,4.519774011299435,1.561451309578653,15900|20201|20202|21822|60440|231931|244183|620913,Irf8|S100a8|S100a9|Tgtp1|Iigp1|Gimap6|Trim30b|Gm12185,-0.1593375743611365,0,22,0,0,-3.276539205921182,10.868002054442732,
1,-2.103630390997067,GO:0061919,M1,1,0,GO Biological Processes,19,process utilizing autophagic mechanism,19_GO:0009987 cellular process,-2.103630390997067,2.8211922737196473,3.1045972491947107,21160,339,177,8,4.519774011299435,1.561451309578653,15900|20201|20202|21822|60440|231931|244183|620913,Irf8|S100a8|S100a9|Tgtp1|Iigp1|Gimap6|Trim30b|Gm12185,-0.1593375743611365,0,22,0,0,-3.276539205921182,10.868002054442732,
1,-3.222704541832259,GO:0043408,M1,1,0,GO Biological Processes,19,regulation of MAPK cascade,19_GO:0050896 response to stimulus,-3.222704541832259,2.543574948912129,3.9585563483812067,21160,752,177,16,9.03954802259887,2.155326307183002,11501|11555|11687|12504|12768|14013|14289|14728|19419|21825|22436|225884|226781|240754|242248|244183,Adam8|Adrb2|Alox15|Cd4|Ccr1|Mecom|Fpr2|Lilrb4a|Rasgrp1|Thbs1|Xdh|Gstp3|Slc30a10|Lax1|Bank1|Trim30b,-0.789525564195332,0,23,1,1,-3.222704541832259,3.2201487568719207,
1,-2.6999996521705474,GO:0043410,M1,1,0,GO Biological Processes,19,positive regulation of MAPK cascade,19_GO:0048518 positive regulation of biological process,-2.6999996521705474,2.6615515235369958,3.5888371064241973,21160,539,177,12,6.779661016949152,1.889612249391879,11501|11555|11687|12504|12768|14289|19419|21825|22436|226781|242248|244183,Adam8|Adrb2|Alox15|Cd4|Ccr1|Fpr2|Rasgrp1|Thbs1|Xdh|Slc30a10|Bank1|Trim30b,-0.5204288708883054,0,23,0,0,-3.222704541832259,3.2201487568719207,
1,-2.441083937566611,GO:0051896,M1,1,0,GO Biological Processes,19,regulation of phosphatidylinositol 3-kinase/protein kinase B signal transduction,19_GO:0050896 response to stimulus,-2.441083937566611,3.2201487568719207,3.538932932728138,21160,297,177,8,4.519774011299435,1.561451309578653,11501|12487|14191|19419|21825|22436|83557|242248,Adam8|Cd28|Fgr|Rasgrp1|Thbs1|Xdh|Lin28a|Bank1,-0.3874816191966164,0,23,0,0,-3.222704541832259,3.2201487568719207,
1,-3.202262830524937,GO:2000379,M1,1,0,GO Biological Processes,19,positive regulation of reactive oxygen species metabolic process,19_GO:0048518 positive regulation of biological process,-3.202262830524937,7.289513573101834,5.240946144361851,21160,82,177,5,2.824858757062147,1.2453439810444045,14289|16819|21825|22436|68891,Fpr2|Lcn2|Thbs1|Xdh|Cd177,-0.7850047189405018,0,24,1,1,-3.202262830524937,13.283113622096673,
1,-3.0878923552649735,GO:0002687,M1,1,0,GO Biological Processes,19,positive regulation of leukocyte migration,19_GO:0040011 locomotion,-3.0878923552649735,4.649089767733836,4.515631250560513,21160,180,177,7,3.9548022598870056,1.464918896491827,11501|12768|14289|17395|19204|21825|27226,Adam8|Ccr1|Fpr2|Mmp9|Ptafr|Thbs1|Pla2g7,-0.7623100457411429,0,24,0,0,-3.202262830524937,13.283113622096673,
1,-2.8380426697082517,GO:0090026,M1,1,0,GO Biological Processes,19,positive regulation of monocyte chemotaxis,19_GO:0040011 locomotion,-2.8380426697082517,13.283113622096673,5.865569525492801,21160,27,177,3,1.694915254237288,0.9702314585073516,12768|14289|27226,Ccr1|Fpr2|Pla2g7,-0.5968758171794977,0,24,0,0,-3.202262830524937,13.283113622096673,
1,-2.8285182013312338,GO:0002685,M1,1,0,GO Biological Processes,19,regulation of leukocyte migration,19_GO:0040011 locomotion,-2.8285182013312338,3.7213392248675508,4.031302102806255,21160,257,177,8,4.519774011299435,1.561451309578653,11501|12182|12768|14289|17395|19204|21825|27226,Adam8|Bst1|Ccr1|Fpr2|Mmp9|Ptafr|Thbs1|Pla2g7,-0.591467914997312,0,24,0,0,-3.202262830524937,13.283113622096673,
1,-2.684326896656929,GO:0071677,M1,1,0,GO Biological Processes,19,positive regulation of mononuclear cell migration,19_GO:0040011 locomotion,-2.684326896656929,5.586356196208882,4.368205754535947,21160,107,177,5,2.824858757062147,1.2453439810444045,11501|12768|14289|21825|27226,Adam8|Ccr1|Fpr2|Thbs1|Pla2g7,-0.5156539244659409,0,24,0,0,-3.202262830524937,13.283113622096673,
1,-2.6485924824423916,GO:0030335,M1,1,0,GO Biological Processes,19,positive regulation of cell migration,19_GO:0040011 locomotion,-2.6485924824423916,2.502615609960243,3.490635176996102,21160,621,177,13,7.344632768361582,1.9608018167574335,11501|12768|14191|14289|16819|16842|17395|19204|20305|20620|21825|27226|108151,Adam8|Ccr1|Fgr|Fpr2|Lcn2|Lef1|Mmp9|Ptafr|Ccl6|Plk2|Thbs1|Pla2g7|Sema3d,-0.4968260411429486,0,24,0,0,-3.202262830524937,13.283113622096673,
1,-2.509527589764657,GO:0090025,M1,1,0,GO Biological Processes,19,regulation of monocyte chemotaxis,19_GO:0040011 locomotion,-2.509527589764657,10.246973365617434,5.028467901637246,21160,35,177,3,1.694915254237288,0.9702314585073516,12768|14289|27226,Ccr1|Fpr2|Pla2g7,-0.42035770657823895,0,24,0,0,-3.202262830524937,13.283113622096673,
1,-2.473352933638619,GO:2000147,M1,1,0,GO Biological Processes,19,positive regulation of cell motility,19_GO:0040011 locomotion,-2.473352933638619,2.387287701667144,3.302061823400704,21160,651,177,13,7.344632768361582,1.9608018167574335,11501|12768|14191|14289|16819|16842|17395|19204|20305|20620|21825|27226|108151,Adam8|Ccr1|Fgr|Fpr2|Lcn2|Lef1|Mmp9|Ptafr|Ccl6|Plk2|Thbs1|Pla2g7|Sema3d,-0.4068964344491608,0,24,0,0,-3.202262830524937,13.283113622096673,
1,-2.3795128970357746,GO:0040017,M1,1,0,GO Biological Processes,19,positive regulation of locomotion,19_GO:0040011 locomotion,-2.3795128970357746,2.326533373930106,3.199739705945132,21160,668,177,13,7.344632768361582,1.9608018167574335,11501|12768|14191|14289|16819|16842|17395|19204|20305|20620|21825|27226|108151,Adam8|Ccr1|Fgr|Fpr2|Lcn2|Lef1|Mmp9|Ptafr|Ccl6|Plk2|Thbs1|Pla2g7|Sema3d,-0.33726483347713765,0,24,0,0,-3.202262830524937,13.283113622096673,
1,-2.1481694042317554,GO:0002688,M1,1,0,GO Biological Processes,19,regulation of leukocyte chemotaxis,19_GO:0040011 locomotion,-2.1481694042317554,4.180000790170283,3.504372766632507,21160,143,177,5,2.824858757062147,1.2453439810444045,12182|12768|14289|21825|27226,Bst1|Ccr1|Fpr2|Thbs1|Pla2g7,-0.18379187432557142,0,24,0,0,-3.202262830524937,13.283113622096673,
1,-2.0053164065529043,GO:0071675,M1,1,0,GO Biological Processes,19,regulation of mononuclear cell migration,19_GO:0040011 locomotion,-2.0053164065529043,3.8563878257700024,3.2780991991209762,21160,155,177,5,2.824858757062147,1.2453439810444045,11501|12768|14289|21825|27226,Adam8|Ccr1|Fpr2|Thbs1|Pla2g7,-0.10089510195466607,0,24,0,0,-3.202262830524937,13.283113622096673,
1,-3.1643210741992185,R-MMU-140875,M1,1,0,Reactome Gene Sets,6,Common Pathway of Fibrin Clot Formation,,-3.1643210741992185,17.07828894269572,6.770296196552166,21160,21,177,3,1.694915254237288,0.9702314585073516,19124|68891|74145,Procr|Cd177|F13a1,-0.7642915066870162,0,25,1,1,-3.1643210741992185,17.07828894269572,
1,-2.5037005428226338,GO:0042060,M1,1,0,GO Biological Processes,19,wound healing,19_GO:0050896 response to stimulus,-2.5037005428226338,3.2978764854860705,3.6188023821278894,21160,290,177,8,4.519774011299435,1.561451309578653,11687|13518|14728|19124|20971|74145|76905|226101,Alox15|Dst|Lilrb4a|Procr|Sdc4|F13a1|Lrg1|Myof,-0.41954371539936947,0,25,0,0,-3.1643210741992185,17.07828894269572,
1,-2.47439283072981,R-MMU-140877,M1,1,0,Reactome Gene Sets,6,Formation of Fibrin Clot (Clotting Cascade),,-2.47439283072981,9.962335216572505,4.942933490240677,21160,36,177,3,1.694915254237288,0.9702314585073516,19124|68891|74145,Procr|Cd177|F13a1,-0.4068964344491608,0,25,0,0,-3.1643210741992185,17.07828894269572,
1,-2.469326100430261,GO:0050878,M1,1,0,GO Biological Processes,19,regulation of body fluid levels,19_GO:0065007 biological regulation,-2.469326100430261,2.9887005649717513,3.495339719733032,21160,360,177,9,5.084745762711864,1.6512620354151006,11555|14728|18089|19124|20202|21825|22436|74145|246728,Adrb2|Lilrb4a|Nkx2-3|Procr|S100a9|Thbs1|Xdh|F13a1|Oas2,-0.40562703578599174,0,25,0,0,-3.1643210741992185,17.07828894269572,
1,-2.7947043080671636,GO:0120162,M1,1,0,GO Biological Processes,19,positive regulation of cold-induced thermogenesis,19_GO:0042592 homeostatic process,-2.7947043080671636,5.9182189405381225,4.5504053437700325,21160,101,177,5,2.824858757062147,1.2453439810444045,11423|11555|16819|19017|216190,Ache|Adrb2|Lcn2|Ppargc1a|Appl2,-0.578348811563305,0,26,1,1,-2.7947043080671636,7.796610169491525,
1,-2.7634926186231303,GO:0120161,M1,1,0,GO Biological Processes,19,regulation of cold-induced thermogenesis,19_GO:0042592 homeostatic process,-2.7634926186231303,4.750252553597486,4.247630305614328,21160,151,177,6,3.389830508474576,1.3602344845448682,11423|11555|16182|16819|19017|216190,Ache|Adrb2|Il18r1|Lcn2|Ppargc1a|Appl2,-0.5580413183609109,0,26,0,0,-2.7947043080671636,7.796610169491525,
1,-2.173298187942563,GO:0002021,M1,1,0,GO Biological Processes,19,response to dietary excess,19_GO:0042592 homeostatic process,-2.173298187942563,7.796610169491525,4.238248630504516,21160,46,177,3,1.694915254237288,0.9702314585073516,11555|19017|216190,Adrb2|Ppargc1a|Appl2,-0.19874376627409684,0,26,0,0,-2.7947043080671636,7.796610169491525,
1,-2.7467235287031473,WP441,M1,1,0,WikiPathways,27,Matrix metalloproteinases,,-2.7467235287031473,12.367036820572764,5.625830625016289,21160,29,177,3,1.694915254237288,0.9702314585073516,17394|17395|240047,Mmp8|Mmp9|Mmp25,-0.5450652174580669,0,27,1,1,-2.7467235287031473,12.367036820572764,
1,-2.691628294704185,GO:0032963,M1,1,0,GO Biological Processes,19,collagen metabolic process,19_GO:0009987 cellular process,-2.691628294704185,7.471751412429379,4.762249752572721,21160,64,177,4,2.2598870056497176,1.1171028188283647,12843|17394|17395|240047,Col1a2|Mmp8|Mmp9|Mmp25,-0.5191772545448912,0,27,0,0,-2.7467235287031473,12.367036820572764,
1,-2.47439283072981,GO:0030574,M1,1,0,GO Biological Processes,19,collagen catabolic process,19_GO:0009987 cellular process,-2.47439283072981,9.962335216572505,4.942933490240677,21160,36,177,3,1.694915254237288,0.9702314585073516,17394|17395|240047,Mmp8|Mmp9|Mmp25,-0.4068964344491608,0,27,0,0,-2.7467235287031473,12.367036820572764,
1,-2.4076642217485733,R-MMU-1474228,M1,1,0,Reactome Gene Sets,6,Degradation of the extracellular matrix,,-2.4076642217485733,4.820484782212503,3.918755320300137,21160,124,177,5,2.824858757062147,1.2453439810444045,11501|12843|17394|17395|240047,Adam8|Col1a2|Mmp8|Mmp9|Mmp25,-0.3623866580376525,0,27,0,0,-2.7467235287031473,12.367036820572764,
1,-2.1770026774386553,R-MMU-1474244,M1,1,0,Reactome Gene Sets,6,Extracellular matrix organization,,-2.1770026774386553,3.1940311381377495,3.282021957543521,21160,262,177,7,3.9548022598870056,1.464918896491827,11492|11501|12843|17394|17395|20971|240047,Adam19|Adam8|Col1a2|Mmp8|Mmp9|Sdc4|Mmp25,-0.19874376627409684,0,27,0,0,-2.7467235287031473,12.367036820572764,
1,-2.1219070803347604,R-MMU-1592389,M1,1,0,Reactome Gene Sets,6,Activation of Matrix Metalloproteinases,,-2.1219070803347604,7.471751412429378,4.122666168660278,21160,48,177,3,1.694915254237288,0.9702314585073516,17394|17395|240047,Mmp8|Mmp9|Mmp25,-0.16490229818269211,0,27,0,0,-2.7467235287031473,12.367036820572764,
1,-2.0728751216494334,R-MMU-1442490,M1,1,0,Reactome Gene Sets,6,Collagen degradation,,-2.0728751216494334,7.172881355932203,4.0135550808046885,21160,50,177,3,1.694915254237288,0.9702314585073516,12843|17394|17395,Col1a2|Mmp8|Mmp9,-0.1449727212016723,0,27,0,0,-2.7467235287031473,12.367036820572764,
1,-2.7036262191915075,WP458,M1,1,0,WikiPathways,27,Inflammatory response pathway,,-2.7036262191915075,11.954802259887005,5.5146230746929845,21160,30,177,3,1.694915254237288,0.9702314585073516,12487|12843|21825,Cd28|Col1a2|Thbs1,-0.5204513136404403,0,28,1,1,-2.7036262191915075,11.954802259887005,
1,-2.026012979987196,GO:0010762,M1,1,0,GO Biological Processes,19,regulation of fibroblast migration,19_GO:0040011 locomotion,-2.026012979987196,6.897001303780964,3.910297182393538,21160,52,177,3,1.694915254237288,0.9702314585073516,20971|21825|216190,Sdc4|Thbs1|Appl2,-0.10843534551449747,0,28,0,0,-2.7036262191915075,11.954802259887005,
1,-2.621987760150216,GO:0071276,M1,1,0,GO Biological Processes,19,cellular response to cadmium ion,19_GO:0050896 response to stimulus,-2.621987760150216,11.207627118644067,5.307267823730503,21160,32,177,3,1.694915254237288,0.9702314585073516,13058|17395|74104,Cybb|Mmp9|Abcb6,-0.4834832495186097,0,29,1,1,-2.621987760150216,11.207627118644067,
1,-2.09710859606321,GO:1904645,M1,1,0,GO Biological Processes,19,response to amyloid-beta,19_GO:0050896 response to stimulus,-2.09710859606321,7.319266689726738,4.067342394118986,21160,49,177,3,1.694915254237288,0.9702314585073516,11555|14289|17395,Adrb2|Fpr2|Mmp9,-0.15823923603321377,0,29,0,0,-2.621987760150216,11.207627118644067,
1,-2.509527589764657,GO:0043277,M1,1,0,GO Biological Processes,19,apoptotic cell clearance,19_GO:0051179 localization,-2.509527589764657,10.246973365617434,5.028467901637246,21160,35,177,3,1.694915254237288,0.9702314585073516,11687|14134|21825,Alox15|Fcnb|Thbs1,-0.42035770657823895,0,30,1,1,-2.509527589764657,10.246973365617434,
1,-2.0178069007072574,GO:0006897,M1,1,0,GO Biological Processes,19,endocytosis,19_GO:0051179 localization,-2.0178069007072574,2.3909604519774015,2.8909131056929733,21160,500,177,10,5.649717514124294,1.7353949768147372,11423|11555|11687|14134|14728|15900|16016|17910|21825|208943,Ache|Adrb2|Alox15|Fcnb|Lilrb4a|Irf8|Ighg2b|Myo15a|Thbs1|Myo5c,-0.10843534551449747,0,30,0,0,-2.509527589764657,10.246973365617434,
1,-2.0166830579657886,GO:0006909,M1,1,0,GO Biological Processes,19,phagocytosis,19_GO:0051179 localization,-2.0166830579657886,3.8814293051581195,3.2960748145039185,21160,154,177,5,2.824858757062147,1.2453439810444045,11687|14134|15900|16016|21825,Alox15|Fcnb|Irf8|Ighg2b|Thbs1,-0.10843534551449747,0,30,0,0,-2.509527589764657,10.246973365617434,
1,-2.284049448566498,GO:0060325,M1,1,0,GO Biological Processes,19,face morphogenesis,19_GO:0032502 developmental process,-2.284049448566498,8.53914447134786,4.491803304224934,21160,42,177,3,1.694915254237288,0.9702314585073516,16842|78892|83691,Lef1|Crispld2|Crispld1,-0.27318124677068145,0,31,1,1,-2.284049448566498,8.53914447134786,
1,-2.09710859606321,GO:0060323,M1,1,0,GO Biological Processes,19,head morphogenesis,19_GO:0032502 developmental process,-2.09710859606321,7.319266689726738,4.067342394118986,21160,49,177,3,1.694915254237288,0.9702314585073516,16842|78892|83691,Lef1|Crispld2|Crispld1,-0.15823923603321377,0,31,0,0,-2.284049448566498,8.53914447134786,
1,-2.211542712700205,mmu04970,M1,1,0,KEGG Pathway,24,Salivary secretion - Mus musculus (house mouse),,-2.211542712700205,5.496460809143451,3.8598254679697708,21160,87,177,4,2.2598870056497176,1.1171028188283647,11555|12182|12796|17105,Adrb2|Bst1|Camp|Lyz2,-0.21869950531942944,0,32,1,1,-2.211542712700205,5.496460809143451,
1,-2.1962763781475214,R-MMU-416476,M1,1,0,Reactome Gene Sets,6,G alpha (q) signalling events,,-2.1962763781475214,3.64105652585391,3.4204599090771883,21160,197,177,6,3.389830508474576,1.3602344845448682,14289|19204|20305|23939|78826|380921,Fpr2|Ptafr|Ccl6|Mapk7|P2ry10|Dgkh,-0.20798425490005734,0,33,1,1,-2.1962763781475214,3.64105652585391,
1,-2.0868892386693956,mmu05418,M1,1,0,KEGG Pathway,24,Fluid shear stress and atherosclerosis - Mus musculus (house mouse),,-2.0868892386693956,4.038784547259124,3.4071988701871,21160,148,177,5,2.824858757062147,1.2453439810444045,14871|17395|20971|23939|225884,Gstt1|Mmp9|Sdc4|Mapk7|Gstp3,-0.1549468604198944,0,34,1,1,-2.0868892386693956,5.033600951531371,
1,-2.0784365297715413,mmu00983,M1,1,0,KEGG Pathway,24,Drug metabolism - other enzymes - Mus musculus (house mouse),,-2.0784365297715413,5.033600951531371,3.6188819286585843,21160,95,177,4,2.2598870056497176,1.1171028188283647,14871|22436|72361|225884,Gstt1|Xdh|Ces2g|Gstp3,-0.14851883808845465,0,34,0,0,-2.0868892386693956,5.033600951531371,
1,-2.0281431190508106,GO:0045444,M1,1,0,GO Biological Processes,19,fat cell differentiation,19_GO:0032502 developmental process,-2.0281431190508106,3.906798124146081,3.314202046054095,21160,153,177,5,2.824858757062147,1.2453439810444045,11555|12395|15370|66107|76905,Adrb2|Runx1t1|Nr4a1|Wfdc21|Lrg1,-0.10843534551449747,0,35,1,1,-2.0281431190508106,3.906798124146081,
1,-2.026012979987196,GO:0070232,M1,1,0,GO Biological Processes,19,regulation of T cell apoptotic process,19_GO:0050789 regulation of biological process,-2.026012979987196,6.897001303780964,3.910297182393538,21160,52,177,3,1.694915254237288,0.9702314585073516,11501|19373|243374,Adam8|Rag1|Gimap8,-0.10843534551449747,0,36,1,1,-2.026012979987196,6.897001303780964,
