"","baseMean","log2FoldChange","lfcSE","stat","pvalue","padj","symbol","gene_id"
"ENSMUSG00000000157.11",928.47550367416,-2.60827929931039,0.804439242909667,-3.24235711062058,0.00118545377020487,0.0261603742567576,"Itgb2l","ENSMUSG00000000157"
"ENSMUSG00000000204.11",1000.85116138596,-3.22912964263846,0.644384195007847,-5.01118690938585,5.40953402808164e-07,5.34705309829598e-05,"Slfn4","ENSMUSG00000000204"
"ENSMUSG00000000392.13",110.52115043527,-5.48181209664163,1.33992309008911,-4.09113936254137,4.29259068978092e-05,0.00201122911554321,"Fap","ENSMUSG00000000392"
"ENSMUSG00000001025.4",540.373160188977,-2.84533161398837,0.760054588757822,-3.74358849492452,0.000181410668707204,0.00639267153161538,"S100a6","ENSMUSG00000001025"
"ENSMUSG00000001034.13",224.591484426042,2.26497159318722,0.510717606056271,4.43488058043893,9.21233408520756e-06,0.000567078908207421,"Mapk7","ENSMUSG00000001034"
"ENSMUSG00000001583.9",260.862123035876,-7.806874105562,1.55280075022997,-5.02760840655556,4.96634739090112e-07,5.00444539828338e-05,"Tnk1","ENSMUSG00000001583"
"ENSMUSG00000001663.6",127.788402846431,-2.60203438392,0.727812165534747,-3.57514549376652,0.00035003318352455,0.0107959920251849,"Gstt1","ENSMUSG00000001663"
"ENSMUSG00000001865.2",977.003329479034,2.14788248766558,0.440642190722601,4.87443674910772,1.09119339148822e-06,9.7888031558382e-05,"Cpa3","ENSMUSG00000001865"
"ENSMUSG00000002565.12",159.26366767795,2.41565237607669,0.631349906946703,3.82617047931332,0.000130152171650753,0.00489718350211222,"Scin","ENSMUSG00000002565"
"ENSMUSG00000002900.11",40.3731657440728,8.70051745019124,2.65384329217117,3.27845938599983,0.00104375382650371,0.0241799955744472,"Lamb1","ENSMUSG00000002900"
"ENSMUSG00000003282.5",298.565284383937,-2.56329331920051,0.796115598326231,-3.219750152603,0.0012830236541708,0.0278404778763434,"Plag1","ENSMUSG00000003282"
"ENSMUSG00000003418.11",346.868695804129,3.12741322860406,0.520069753364819,6.01344955819847,1.8161646071468e-09,4.11067903082212e-07,"St8sia6","ENSMUSG00000003418"
"ENSMUSG00000003420.7",298.244901387162,-2.03146160164815,0.460308438128777,-4.41326170318829,1.01824785520431e-05,0.000616479936039748,"Fcgrt","ENSMUSG00000003420"
"ENSMUSG00000003949.12",1033.48529114447,-3.25928183510992,0.771626664032052,-4.22391032741001,2.40099614438354e-05,0.00122226488844881,"Hlf","ENSMUSG00000003949"
"ENSMUSG00000004609.7",338.010234070583,-2.3996497521965,0.515369431317461,-4.65617401106266,3.22139693510542e-06,0.000240574577204421,"Cd33","ENSMUSG00000004609"
"ENSMUSG00000004655.5",27522.7710001398,2.04718362341674,0.584324680145443,3.50350360506283,0.000459180440052081,0.0128675478743737,"Aqp1","ENSMUSG00000004655"
"ENSMUSG00000004864.8",74.3525361559289,-4.62583090960777,1.5082043381832,-3.06711152626712,0.00216138198748528,0.0410300023224302,"Mapk13","ENSMUSG00000004864"
"ENSMUSG00000005338.9",199.040676497218,-4.75475786999544,1.47405495748569,-3.22563134152453,0.00125695148145091,0.0274245488323685,"Cadm3","ENSMUSG00000005338"
"ENSMUSG00000005800.2",2395.91137464149,-3.99183825032827,0.331384981955301,-12.0459238278539,2.03780498741528e-33,2.99801869748535e-29,"Mmp8","ENSMUSG00000005800"
"ENSMUSG00000005883.11",27.4685004975026,-7.83121489342398,2.58715947969097,-3.02695483401719,0.00247030866329698,0.0454587032233288,"Spo11","ENSMUSG00000005883"
"ENSMUSG00000006356.6",157.794405220807,5.00465764998224,0.947930598983138,5.27956124145673,1.29493593605307e-07,1.63214761082347e-05,"Crip2","ENSMUSG00000006356"
"ENSMUSG00000006574.11",164721.011409798,-2.06249637029629,0.634913948469234,-3.2484659933349,0.00116029077243995,0.0259675589263295,"Slc4a1","ENSMUSG00000006574"
"ENSMUSG00000006586.11",812.587527737756,-7.2124629234498,1.45251408192979,-4.96550292570481,6.85232599319911e-07,6.50396258141583e-05,"Runx1t1","ENSMUSG00000006586"
"ENSMUSG00000009350.9",26790.9546903809,2.07264405429121,0.409631722742551,5.05977427825785,4.19753082240658e-07,4.41100524708897e-05,"Mpo","ENSMUSG00000009350"
"ENSMUSG00000011256.12",308.819713966487,-4.74901757236373,0.922043771519417,-5.15053375886691,2.59746171125003e-07,2.96231447255119e-05,"Adam19","ENSMUSG00000011256"
"ENSMUSG00000012819.11",23.8228573608592,-8.95914467266448,2.44904633384453,-3.65821771064672,0.000253975268765174,0.00845358405898925,"Cdh23","ENSMUSG00000012819"
"ENSMUSG00000012889.8",22.25081507326,-9.32872549741526,2.64886182891631,-3.52178637465277,0.000428649411706741,0.0123169729395109,"Podnl1","ENSMUSG00000012889"
"ENSMUSG00000013974.2",381.816281072815,-9.35871312210203,1.2153037040026,-7.70071965655923,1.35302038507954e-14,1.8096032641173e-11,"Mcemp1","ENSMUSG00000013974"
"ENSMUSG00000014932.11",118.648978280095,-2.65351766167024,0.82023488202255,-3.23507048996399,0.00121612703000726,0.0267039714409952,"Yes1","ENSMUSG00000014932"
"ENSMUSG00000015224.10",369.961851951931,-2.36854238494898,0.712479214437151,-3.32436699479029,0.000886194933411979,0.0210966017157881,"Cyp2j9","ENSMUSG00000015224"
"ENSMUSG00000015340.6",6793.52720061344,-2.79608212496934,0.434083350904168,-6.44134846255974,1.18416644060288e-10,4.05150155212782e-08,"Cybb","ENSMUSG00000015340"
"ENSMUSG00000015947.6",107.321214292697,-8.55930110778152,2.41387527805458,-3.54587545827129,0.000391311098355786,0.0115834383883507,"Fcgr1","ENSMUSG00000015947"
"ENSMUSG00000016194.10",246.523026827284,-3.20619854653939,1.07155609859973,-2.99209584148617,0.00277069263884707,0.0495290766740195,"Hsd11b1","ENSMUSG00000016194"
"ENSMUSG00000016529.5",31.8924491750496,-10.6257740064107,3.11324422814998,-3.41308719384505,0.000642313876784982,0.0163773340645765,"Il10","ENSMUSG00000016529"
"ENSMUSG00000017009.3",176.245175829949,-8.55903134822743,1.17321371427421,-7.29537273907707,2.9783337432472e-13,2.57748506062663e-10,"Sdc4","ENSMUSG00000017009"
"ENSMUSG00000017195.11",48.8018657077866,7.64364097941845,2.27354730955169,3.36198897084999,0.000773832143581458,0.0190697127242385,"Zpbp2","ENSMUSG00000017195"
"ENSMUSG00000017718.11",1928.14755076038,-4.28442426488426,0.439150449240469,-9.75616505071181,1.73595825106655e-22,8.51313926323035e-19,"Afmid","ENSMUSG00000017718"
"ENSMUSG00000017737.2",1014.15121535614,-4.52615337180685,0.466882152635682,-9.69442362758018,3.18430477954386e-22,1.17118729791623e-18,"Mmp9","ENSMUSG00000017737"
"ENSMUSG00000018168.8",188.307567730075,-5.59644035350382,1.29056036613919,-4.33644213811246,1.44807523361069e-05,0.000803927654221902,"Ikzf3","ENSMUSG00000018168"
"ENSMUSG00000018593.8",48.7643416930228,-6.89299320532819,2.13897335661459,-3.22257085812322,0.00127045738000175,0.0276085213804812,"Sparc","ENSMUSG00000018593"
"ENSMUSG00000018924.6",236.390235648879,-8.88345018751261,1.72635074676162,-5.14579682267736,2.66387623509498e-07,2.98683577309176e-05,"Alox15","ENSMUSG00000018924"
"ENSMUSG00000018927.3",722.331053382202,-3.15783707180999,0.687383656571033,-4.59399498609357,4.34839830209932e-06,0.000304636361049929,"Ccl6","ENSMUSG00000018927"
"ENSMUSG00000019866.9",326.007412117773,-3.57829550366342,0.515328712461272,-6.94371459834452,3.81921713639222e-12,2.00672580395008e-09,"Crybg1","ENSMUSG00000019866"
"ENSMUSG00000019970.11",215.103145199516,-2.20014612517118,0.559588187858977,-3.93172367270491,8.43389756081998e-05,0.00346590784678167,"Sgk1","ENSMUSG00000019970"
"ENSMUSG00000020234.6",349.475842264757,-3.71032453457186,0.812370290888317,-4.56728240334179,4.94088149909733e-06,0.00034126877283906,"Tektip1","ENSMUSG00000020234"
"ENSMUSG00000020263.10",470.746169416627,-2.61128790715373,0.419972468939739,-6.21775973493259,5.0430295707724e-10,1.42678944317699e-07,"Appl2","ENSMUSG00000020263"
"ENSMUSG00000020491.11",192.407889616933,2.22642236681121,0.589565068183681,3.77638107642694,0.000159123480592005,0.00575190330827906,"2810021J22Rik","ENSMUSG00000020491"
"ENSMUSG00000020882.13",33.4731053202704,-8.67143858297357,1.88886277440802,-4.5908250723461,4.41497249822992e-06,0.000307834480540088,"Cacnb1","ENSMUSG00000020882"
"ENSMUSG00000021221.11",2482.95175418364,2.53696927822451,0.41823556992042,6.06588597595186,1.31228210352778e-09,3.27225327238994e-07,"Dpf3","ENSMUSG00000021221"
"ENSMUSG00000021356.5",209.405196770766,-2.28295155346813,0.550188358877183,-4.14939995845632,3.33347932130216e-05,0.00163473825916658,"Irf4","ENSMUSG00000021356"
"ENSMUSG00000021360.11",2877.72808717955,-2.14362246124226,0.435826152992097,-4.91852645034162,8.71981358739108e-07,8.06829544010676e-05,"Gcnt2","ENSMUSG00000021360"
"ENSMUSG00000021423.5",539.417675304484,3.42509583061399,0.665755761671295,5.14467320870904,2.67986896443795e-07,2.98683577309176e-05,"Ly86","ENSMUSG00000021423"
"ENSMUSG00000021701.7",395.831197693221,-2.57363084665685,0.436298550526296,-5.89878385695379,3.66190556344885e-09,7.80781951441442e-07,"Plk2","ENSMUSG00000021701"
"ENSMUSG00000021758.9",295.253642104437,-3.33871345948245,0.631839197925406,-5.28411891893515,1.26311184983836e-07,1.61590448128887e-05,"Ddx4","ENSMUSG00000021758"
"ENSMUSG00000022026.6",205.985031957318,-3.22159278143731,0.574918589783593,-5.60356342391008,2.09989227664864e-08,3.39490276637965e-06,"Olfm4","ENSMUSG00000022026"
"ENSMUSG00000022489.5",105.100323253199,-3.08923305523286,0.915473486880273,-3.37446479827644,0.000739593744038247,0.0183489092112828,"Pde1b","ENSMUSG00000022489"
"ENSMUSG00000022528.7",116.780018380123,-6.20290371468883,1.85736952029178,-3.33961747887108,0.000838938588302997,0.0203001061038054,"Hes1","ENSMUSG00000022528"
"ENSMUSG00000022574.6",191.625685674792,-2.84292593234469,0.636198207106594,-4.46861669930541,7.87270581241074e-06,0.000503579338748638,"Naprt","ENSMUSG00000022574"
"ENSMUSG00000022610.9",25.3098944287282,-10.1661447445014,3.22857228255888,-3.14880506142611,0.00163939514223905,0.0333132338848355,"Mapk12","ENSMUSG00000022610"
"ENSMUSG00000022636.9",979.376337648981,-2.05800588620309,0.4191133281405,-4.91038043417502,9.08998678049249e-07,8.35824284466285e-05,"Alcam","ENSMUSG00000022636"
"ENSMUSG00000022651.5",1273.99055073369,-4.63431331140241,0.404177440445601,-11.4660365662495,1.9540576057871e-30,1.43740477481699e-26,"Retnlg","ENSMUSG00000022651"
"ENSMUSG00000022816.7",138.195456941181,-3.47684131700359,0.80173934356005,-4.33662304953752,1.44688442934048e-05,0.000803927654221902,"Fstl1","ENSMUSG00000022816"
"ENSMUSG00000023034.6",1575.78189807233,-3.3799908312637,0.538944749205231,-6.27149784138,3.57591257967595e-10,1.09601720567068e-07,"Nr4a1","ENSMUSG00000023034"
"ENSMUSG00000023274.10",134.763060844284,-3.34193211441751,0.639744430483243,-5.22385495703826,1.75236060972892e-07,2.09345681104348e-05,"Cd4","ENSMUSG00000023274"
"ENSMUSG00000023328.10",3465.63113665106,2.13857119639405,0.327941858167965,6.5211900924789,6.97517166116311e-11,2.56546813697579e-08,"Ache","ENSMUSG00000023328"
"ENSMUSG00000023903.7",128.652743199504,-10.1507879581334,1.58890959033233,-6.38852457049508,1.67493915285071e-10,5.47593440371991e-08,"Mmp25","ENSMUSG00000023903"
"ENSMUSG00000023913.13",192.011446534547,-4.0251684878852,1.0902106051152,-3.69210175446779,0.000222408440910087,0.00757424301543798,"Pla2g7","ENSMUSG00000023913"
"ENSMUSG00000023926.7",19801.7421899705,2.58449530040801,0.519485343098456,4.97510725710346,6.52115221914995e-07,6.31178891106145e-05,"Rhag","ENSMUSG00000023926"
"ENSMUSG00000023984.13",267.700314110829,-2.50245471152382,0.739918567296726,-3.3820677330297,0.000719424036560435,0.0179089110420933,"Gm20517","ENSMUSG00000023984"
"ENSMUSG00000023995.7",7739.18011055651,2.33948808784463,0.721051025571469,3.2445527499118,0.0011763522709864,0.0260248039259427,"Tspo2","ENSMUSG00000023995"
"ENSMUSG00000024042.6",1346.37944316619,-2.23215739618114,0.558852225765463,-3.99418181277481,6.49180360543358e-05,0.00280904160715114,"Sik1","ENSMUSG00000024042"
"ENSMUSG00000024044.11",337.341023218945,-2.6991311770127,0.478688588246656,-5.6385952021524,1.71443027567109e-08,3.00270216853251e-06,"Epb41l3","ENSMUSG00000024044"
"ENSMUSG00000024066.8",864.346655041678,-2.86938926429492,0.42159881033084,-6.80597097046651,1.0036995161857e-11,4.61450852566376e-09,"Xdh","ENSMUSG00000024066"
"ENSMUSG00000024164.11",4938.87530702345,-2.35189048971527,0.684127439127976,-3.43779587720252,0.000586469612226259,0.0152710459027836,"C3","ENSMUSG00000024164"
"ENSMUSG00000024184.11",144.243377840686,4.97648316038905,1.31768384295628,3.77668982358022,0.000158926446524715,0.00575190330827906,"Pdia2","ENSMUSG00000024184"
"ENSMUSG00000024360.7",6908.66311087685,2.06660981806076,0.597863124874963,3.45666044965221,0.000546913509710183,0.0145238114708596,"Etf1","ENSMUSG00000024360"
"ENSMUSG00000024399.5",153.924378855206,-4.88280966749096,1.26136252021355,-3.87105973837266,0.000108363229493133,0.00420643755225057,"Ltb","ENSMUSG00000024399"
"ENSMUSG00000024451.8",505.034401564196,2.06954859092992,0.487759461055424,4.24296965240159,2.20581274420162e-05,0.00114671085133195,"Arap3","ENSMUSG00000024451"
"ENSMUSG00000024462.13",258.788693087609,-3.32397114968946,0.915151997814553,-3.63215198964471,0.000281067486541394,0.00914837358848892,"Gabbr1","ENSMUSG00000024462"
"ENSMUSG00000024534.11",33.5699555512608,-8.24206064524556,2.71901367904203,-3.03126854740555,0.00243528546830975,0.0450675236675234,"Sncaip","ENSMUSG00000024534"
"ENSMUSG00000024548.11",26.5930053161823,-8.63967194458957,2.45962940694114,-3.51259092943359,0.000443760129143375,0.0125549981153026,"Setbp1","ENSMUSG00000024548"
"ENSMUSG00000024621.11",1030.9521279502,2.0444240657332,0.517271782457275,3.95232087863224,7.73968601987409e-05,0.00322567310833959,"Csf1r","ENSMUSG00000024621"
"ENSMUSG00000024659.10",8135.48909979938,-2.03779334548726,0.303251047907144,-6.71982293070669,1.81945524713121e-11,7.23454745832279e-09,"Anxa1","ENSMUSG00000024659"
"ENSMUSG00000024680.8",762.541268530639,2.12945875068144,0.599799913963721,3.55028185417553,0.000384818912182827,0.0114604369150481,"Ms4a2","ENSMUSG00000024680"
"ENSMUSG00000024885.8",304.354232788364,-2.687913793037,0.564725715697447,-4.75968017450271,1.93899966315214e-06,0.000157248419118357,"Aldh3b1","ENSMUSG00000024885"
"ENSMUSG00000025014.8",3306.33944000598,-2.08590539832151,0.300348576076354,-6.94494851805537,3.78598364237633e-12,2.00672580395008e-09,"Dntt","ENSMUSG00000025014"
"ENSMUSG00000025044.11",135.256851910186,-7.95326641461647,2.27208803416974,-3.50042176843854,0.00046452256113144,0.0129876197875046,"Msr1","ENSMUSG00000025044"
"ENSMUSG00000025270.9",50989.2718953193,4.12317256060304,1.07996361220561,3.81788100451114,0.000134602817032317,0.00500156031058368,"Alas2","ENSMUSG00000025270"
"ENSMUSG00000025330.6",450.234131412021,-2.64050074795672,0.671421715551932,-3.93270084478297,8.3996746423477e-05,0.00346151297866161,"Padi4","ENSMUSG00000025330"
"ENSMUSG00000025473.12",290.976346252243,-4.52421380317898,0.632849433910586,-7.14895765209486,8.74392975309543e-13,5.84730429670636e-10,"Adam8","ENSMUSG00000025473"
"ENSMUSG00000025597.9",145.602512545143,-2.62817806980285,0.865256986598619,-3.03745373976625,0.0023858602225872,0.0443329612401518,"Klhl4","ENSMUSG00000025597"
"ENSMUSG00000025647.12",1345.49926333397,-2.40419469834927,0.350940363526123,-6.85072151345824,7.34784359767683e-12,3.48714435512973e-09,"Shisa5","ENSMUSG00000025647"
"ENSMUSG00000025776.9",306.760479701288,-3.11205328192011,0.54141842826022,-5.74796334864386,9.03248114037044e-09,1.7957548991504e-06,"Crispld1","ENSMUSG00000025776"
"ENSMUSG00000025804.4",442.717106962786,-3.23565894034529,0.794028786650396,-4.07498946479622,4.60164302364285e-05,0.0021156053801198,"Ccr1","ENSMUSG00000025804"
"ENSMUSG00000026011.9",18.2047060223085,-8.75317261773945,2.58295495417375,-3.38882124273803,0.000701937540259065,0.0175237055332114,"Ctla4","ENSMUSG00000026011"
"ENSMUSG00000026012.2",198.149846427136,-3.18091439803373,0.912087898647715,-3.48750860827102,0.000487543228317851,0.0134485216398612,"Cd28","ENSMUSG00000026012"
"ENSMUSG00000026070.11",220.844736425382,-3.38504716822602,0.6569210204299,-5.15289823731137,2.56491166296386e-07,2.94804534261909e-05,"Il18r1","ENSMUSG00000026070"
"ENSMUSG00000026073.9",76.1620570096114,-10.1626468985131,1.87198564885422,-5.42880598723248,5.67323140932535e-08,8.2238850182022e-06,"Il1r2","ENSMUSG00000026073"
"ENSMUSG00000026131.13",1559.29550721511,-2.40208988945978,0.510741029544691,-4.70314650773438,2.56182451238485e-06,0.000198366116980031,"Dst","ENSMUSG00000026131"
"ENSMUSG00000026198.11",3923.68107794412,2.19585942376147,0.384569129991893,5.70992118844215,1.13028501897152e-08,2.15957833754662e-06,"Abcb6","ENSMUSG00000026198"
"ENSMUSG00000026207.12",32.4749474810272,-9.72085293106848,3.11094253799854,-3.12472918169762,0.00177968825666107,0.0356228212680239,"Speg","ENSMUSG00000026207"
"ENSMUSG00000026435.11",114.339059805038,4.19385154344869,1.3721021324391,3.05651557875909,0.00223925843819789,0.042235859157394,"Slc45a3","ENSMUSG00000026435"
"ENSMUSG00000026532.7",133401.750392321,2.0784718119071,0.58595075713482,3.54717830226964,0.000389380967396952,0.0115495419200483,"Spta1","ENSMUSG00000026532"
"ENSMUSG00000026614.6",472.321404524398,6.06980121520889,1.58494066577158,3.82967094370943,0.000128314722912132,0.00485286941769481,"Slc30a10","ENSMUSG00000026614"
"ENSMUSG00000026736.1",45.7887824728494,-5.89710737931586,1.87377549665215,-3.14717925912263,0.00164853860348779,0.0334047613649482,"4930426L09Rik","ENSMUSG00000026736"
"ENSMUSG00000026770.5",52.0491523943368,-9.2964439485026,3.08397530328617,-3.01443527728534,0.00257458136885882,0.0469358625757757,"Il2ra","ENSMUSG00000026770"
"ENSMUSG00000026822.10",3378.09621878681,-3.08431703644652,0.47827965804868,-6.44877319062687,1.12759160863839e-10,3.94979232054477e-08,"Lcn2","ENSMUSG00000026822"
"ENSMUSG00000026835.11",1337.44436031815,-3.31073214937976,0.466269808794094,-7.10046433832432,1.24338417208928e-12,7.62194497490727e-10,"Fcnb","ENSMUSG00000026835"
"ENSMUSG00000026981.11",125.040059875462,-4.18941609803257,1.27802425927845,-3.27804113859141,0.00104530160313679,0.0241799955744472,"Il1rn","ENSMUSG00000026981"
"ENSMUSG00000027073.5",3194.50331922389,-2.22706323405033,0.46037449112856,-4.83750354758126,1.31480039054741e-06,0.000113784372621962,"Prg2","ENSMUSG00000027073"
"ENSMUSG00000027276.7",26.2217200602148,-9.63950738811332,2.65007477259519,-3.63744732329701,0.000275353483063814,0.00898226262269364,"Jag1","ENSMUSG00000027276"
"ENSMUSG00000027347.14",81.6031532628393,-6.95706015188415,1.75139737959836,-3.97229105908539,7.11846666295782e-05,0.00300077024485488,"Rasgrp1","ENSMUSG00000027347"
"ENSMUSG00000027556.11",5182.43031338545,2.14619938958244,0.634830014171762,3.38074656470442,0.000722891848992134,0.0179648393283315,"Car1","ENSMUSG00000027556"
"ENSMUSG00000027570.11",25.4152080902532,-8.40895087451429,2.54734376018632,-3.30106639156516,0.000963180876248281,0.0224866997271355,"Col9a3","ENSMUSG00000027570"
"ENSMUSG00000027611.8",204.486962845607,-5.22665914590558,1.03573117298193,-5.04634723975501,4.50336637196723e-07,4.66574127213957e-05,"Procr","ENSMUSG00000027611"
"ENSMUSG00000027624.13",154.208008249344,-3.1334048705989,0.89094369449747,-3.51695049861291,0.000436535184503479,0.0124222546120216,"Epb41l1","ENSMUSG00000027624"
"ENSMUSG00000027684.12",749.897752229129,-3.55662868383816,1.00653630681023,-3.53353243174042,0.000410045778402141,0.0119457296868362,"Mecom","ENSMUSG00000027684"
"ENSMUSG00000027737.6",197.478363774341,-4.79358854887912,1.18853807323836,-4.03318047340143,5.50269859466209e-05,0.00246816163794721,"Slc7a11","ENSMUSG00000027737"
"ENSMUSG00000027750.12",71.0241025348483,-11.7994168556662,2.13726318378476,-5.52080667705666,3.37446882969819e-08,5.11806035283709e-06,"Postn","ENSMUSG00000027750"
"ENSMUSG00000027799.8",124.193991721177,-3.62680686477986,1.1521074134408,-3.14797632796087,0.00164405006588977,0.0333617442336141,"Nbea","ENSMUSG00000027799"
"ENSMUSG00000027985.10",121.289542916019,-7.90387263680349,1.80486877910913,-4.37919516825195,1.19118416851474e-05,0.000705415930677336,"Lef1","ENSMUSG00000027985"
"ENSMUSG00000028328.9",7079.9341993364,3.4134352440769,0.778281549682463,4.38586170450728,1.15527507726095e-05,0.000692459164505161,"Tmod1","ENSMUSG00000028328"
"ENSMUSG00000028370.7",55.1447285646071,-7.60598746222303,2.54127215652021,-2.99298421961935,0.00276264033317154,0.0495054379800483,"Pappa","ENSMUSG00000028370"
"ENSMUSG00000028402.13",75.4960205966215,-4.52238662532077,1.29210467896293,-3.50001567129261,0.000465230806689431,0.0129876197875046,"Mpdz","ENSMUSG00000028402"
"ENSMUSG00000028497.8",725.91528782898,-2.70232403493413,0.373345229068173,-7.23813731778178,4.54888759593552e-13,3.52227549007386e-10,"Hacd4","ENSMUSG00000028497"
"ENSMUSG00000028874.10",638.325738168742,-3.11058326976477,0.479946962708862,-6.48109793675612,9.10575385098682e-11,3.26741099160288e-08,"Fgr","ENSMUSG00000028874"
"ENSMUSG00000029075.6",37.5914344869351,-8.55911640051996,2.46028286491479,-3.47891558429254,0.000503447148525278,0.0136814389187995,"Tnfrsf4","ENSMUSG00000029075"
"ENSMUSG00000029082.13",139.884649319195,-9.6794253147604,1.66226691291212,-5.82302712011698,5.77911729084666e-09,1.19749821947797e-06,"Bst1","ENSMUSG00000029082"
"ENSMUSG00000029086.11",411.194586713297,-2.19627575037551,0.564561983850354,-3.89022961729862,0.000100149411379878,0.00395251639201878,"Prom1","ENSMUSG00000029086"
"ENSMUSG00000029122.7",24.8967974205547,-10.3481970578287,3.40697098156166,-3.03735990527439,0.00238660313364602,0.0443329612401518,"Evc","ENSMUSG00000029122"
"ENSMUSG00000029167.9",55.2951706057051,-4.21627098092946,1.17421654424428,-3.59070990917015,0.00032977851738273,0.0102790287028278,"Ppargc1a","ENSMUSG00000029167"
"ENSMUSG00000029299.10",368.485286957861,-6.32876893008024,0.868486520034279,-7.28712396115307,3.16641546226747e-13,2.58801690449328e-10,"Abcg3","ENSMUSG00000029299"
"ENSMUSG00000029314.10",72.260917667021,-7.6269634734718,1.71093830762522,-4.45776650127029,8.28180421197909e-06,0.000520691895583916,"Gpat3","ENSMUSG00000029314"
"ENSMUSG00000029530.11",88.5730077289274,-3.28847055235526,0.920581768902189,-3.57216562769522,0.000354041372871954,0.010806341654963,"Ccr9","ENSMUSG00000029530"
"ENSMUSG00000029561.13",1444.44118939244,-2.42534016520269,0.356738592307738,-6.79864813479583,1.05605390836186e-11,4.7080803332787e-09,"Oasl2","ENSMUSG00000029561"
"ENSMUSG00000029601.9",237.282232081714,7.25880498100308,1.5411667151716,4.70994144212028,2.47787973307014e-06,0.000193907269324084,"Iqcd","ENSMUSG00000029601"
"ENSMUSG00000029661.12",109.847197463712,-3.01901570579586,0.797847642621179,-3.7839501485239,0.00015435875424943,0.00563505209061444,"Col1a2","ENSMUSG00000029661"
"ENSMUSG00000029710.11",24.8447985312365,-10.2691706077589,3.39566890438568,-3.02419667432702,0.00249294317634191,0.045787990025396,"Ephb4","ENSMUSG00000029710"
"ENSMUSG00000029866.9",26612.8357564065,2.09131925780903,0.627638892185439,3.33204217241391,0.000862111908752288,0.0207403019202697,"Kel","ENSMUSG00000029866"
"ENSMUSG00000029915.10",702.896479232645,-2.01010651497187,0.517988232571434,-3.88060266348746,0.000104197949756023,0.00405545036193283,"Clec5a","ENSMUSG00000029915"
"ENSMUSG00000030077.9",32.3246353653417,-10.4687716173297,3.13088709730883,-3.34370780291892,0.000826667565575482,0.0200691967405058,"Chl1","ENSMUSG00000030077"
"ENSMUSG00000030103.7",333.92367677924,-2.57173833317484,0.746878914506393,-3.44331361245415,0.000574632535584732,0.0150263582518676,"Bhlhe40","ENSMUSG00000030103"
"ENSMUSG00000030148.11",739.693370221608,-2.84639070260658,0.838691835833395,-3.39384572615776,0.000689185054454998,0.0173617988375718,"Clec4a2","ENSMUSG00000030148"
"ENSMUSG00000030187.11",136.320319488747,-4.35264471911834,1.1847692305694,-3.6738333565824,0.000238938596074637,0.00802571832294534,"Klra2","ENSMUSG00000030187"
"ENSMUSG00000030577.9",49.4779965239804,9.49580435796651,2.57050119809772,3.69414508150932,0.000220627814502161,0.0075310357469972,"Cd22","ENSMUSG00000030577"
"ENSMUSG00000030589.11",186.36775178063,-3.25096718361993,0.847679983609327,-3.83513501141985,0.000125495339602926,0.00477076856909109,"Rasgrp4","ENSMUSG00000030589"
"ENSMUSG00000030616.10",27.7755874078139,-7.20261872871711,2.28388305447941,-3.15367230147381,0.00161230019725127,0.0328534078974524,"Sytl2","ENSMUSG00000030616"
"ENSMUSG00000030711.11",87.5360308167715,-6.0176285709193,2.00380914062891,-3.0030946804797,0.00267249273612716,0.0484208289826389,"Sult1a1","ENSMUSG00000030711"
"ENSMUSG00000031119.4",185.904443524949,5.71691546692465,0.960837542104877,5.94992932353662,2.68258300133095e-09,5.97972138114862e-07,"Gpc4","ENSMUSG00000031119"
"ENSMUSG00000031170.10",2699.79823678026,2.32097030979531,0.554843879469888,4.18310518629642,2.87554263074605e-05,0.00144385608134935,"Slc38a5","ENSMUSG00000031170"
"ENSMUSG00000031189.8",26.3660993361856,-7.29997537906545,2.44133969446125,-2.9901514302279,0.00278839174453126,0.0497246295097502,"Aff2","ENSMUSG00000031189"
"ENSMUSG00000031239.5",109.789301392964,-2.48574996879842,0.822913162291745,-3.02067105340229,0.00252215201854279,0.0460942863314306,"Itm2a","ENSMUSG00000031239"
"ENSMUSG00000031375.13",85.8070858784623,-5.41141895730589,1.49915279205436,-3.60965138842877,0.000306608790218925,0.00978487748742043,"Bgn","ENSMUSG00000031375"
"ENSMUSG00000031451.5",177.059993671753,-5.31458555457819,1.20197304140383,-4.42155137553756,9.79947571692078e-06,0.000600707861447244,"Gas6","ENSMUSG00000031451"
"ENSMUSG00000031698.10",7252.11872455654,2.5149722832255,0.520102082060289,4.83553588799895,1.32787413703598e-06,0.000114243767860078,"Mylk3","ENSMUSG00000031698"
"ENSMUSG00000031778.8",26.7357128174014,-7.38079320106181,2.05055958176221,-3.59940440975575,0.000318946847881629,0.0100688937503675,"Cx3cl1","ENSMUSG00000031778"
"ENSMUSG00000031803.7",336.607934788757,-6.31986172551526,1.54868482435374,-4.08079269980094,4.48823708878742e-05,0.00206993555016428,"B3gnt3","ENSMUSG00000031803"
"ENSMUSG00000031824.10",806.124417867198,-2.80776461273664,0.711379717674516,-3.94692812147521,7.91603092110035e-05,0.00328984878280306,"6430548M08Rik","ENSMUSG00000031824"
"ENSMUSG00000031825.12",144.196367957325,-6.24135711258021,1.19041484445667,-5.24301015032192,1.57977844808416e-07,1.95308407800119e-05,"Crispld2","ENSMUSG00000031825"
"ENSMUSG00000031877.8",5264.22867482134,2.48036486774847,0.645061654329014,3.84515937523603,0.000120474110418959,0.00460367561684085,"Ces2g","ENSMUSG00000031877"
"ENSMUSG00000031990.10",29.5908796561281,-5.90471196381983,1.8652802760504,-3.16558966479968,0.00154768952837302,0.0320247655997523,"Jam3","ENSMUSG00000031990"
"ENSMUSG00000032034.5",88.9336425999587,5.99820781161205,1.70395506968978,3.52016782502609,0.000431273820785006,0.0123286836270474,"Kcnj5","ENSMUSG00000032034"
"ENSMUSG00000032053.7",175.536766487871,-6.08679002808227,1.6885344547807,-3.60477691814278,0.000312421171138961,0.00991253115169637,"Pou2af1","ENSMUSG00000032053"
"ENSMUSG00000032066.9",36.5752454869245,-10.01065247444,2.4039800740334,-4.16419943849372,3.12446916415439e-05,0.00154771684656698,"Bco2","ENSMUSG00000032066"
"ENSMUSG00000032125.15",99.4116681837425,-2.83543181482971,0.946131726511474,-2.99686791530008,0.00272768870492543,0.0491184286742508,"Robo4","ENSMUSG00000032125"
"ENSMUSG00000032278.7",118.196127903414,-3.11210497588563,1.02227325355119,-3.04429854256164,0.00233223573505234,0.0434877720330673,"Paqr5","ENSMUSG00000032278"
"ENSMUSG00000032323.9",41.504083171173,-7.65096689187834,2.20450584942015,-3.47060403304929,0.0005192891415504,0.0139922744514459,"Cyp11a1","ENSMUSG00000032323"
"ENSMUSG00000032375.11",147.830451225282,-2.79171208101172,0.695072546167152,-4.01643266793674,5.90857350218578e-05,0.00261828112542642,"Aph1b","ENSMUSG00000032375"
"ENSMUSG00000032377.8",220.831811307496,-2.25838838533173,0.566121857927904,-3.98922661915545,6.62890686471938e-05,0.00285159291794595,"Plscr4","ENSMUSG00000032377"
"ENSMUSG00000032484.7",26590.3784149027,-2.88721572529747,0.449599339514595,-6.42175259513196,1.34714243420212e-10,4.50435442999582e-08,"Ngp","ENSMUSG00000032484"
"ENSMUSG00000032496.3",18476.7102078105,-3.34435607497526,0.4582214459541,-7.29855859978728,2.90866822686653e-13,2.57748506062663e-10,"Ltf","ENSMUSG00000032496"
"ENSMUSG00000032561.10",199.766859483937,-4.72598657487845,0.951756959766109,-4.96553928645801,6.85104217439449e-07,6.50396258141583e-05,"Acp3","ENSMUSG00000032561"
"ENSMUSG00000032578.7",197.018852098024,-2.77113661377817,0.754060044968007,-3.67495484248305,0.00023789148702048,0.00801634089263738,"Cish","ENSMUSG00000032578"
"ENSMUSG00000032611.5",93.1887118197244,-7.53797590145693,1.77900115394279,-4.23719562224596,2.26328932737374e-05,0.00116424869175952,"1700102P08Rik","ENSMUSG00000032611"
"ENSMUSG00000032690.12",261.838325022907,-2.89589921414409,0.573301891458163,-5.05126401515704,4.38895931721334e-07,4.57945882800302e-05,"Oas2","ENSMUSG00000032690"
"ENSMUSG00000032724.5",176.95747919175,-2.92651482608568,0.64961599440552,-4.50499195107381,6.63754583398062e-06,0.000435944528167513,"Abtb2","ENSMUSG00000032724"
"ENSMUSG00000033207.6",113.769898601582,-3.89904439132405,1.0953177113569,-3.55973828497106,0.00037122456565962,0.0112144883161896,"Mamdc2","ENSMUSG00000033207"
"ENSMUSG00000033213.12",98.134461858109,-4.02007828426417,1.06313508270299,-3.78134288828399,0.000155984652296901,0.00566628692491854,"AA467197","ENSMUSG00000033213"
"ENSMUSG00000033355.5",266.952375217928,-2.48357172338775,0.556242815137602,-4.46490571347582,8.0104020120094e-06,0.000505789847213229,"Rtp4","ENSMUSG00000033355"
"ENSMUSG00000033565.12",114.225641023268,-3.19137018404018,0.904210185238282,-3.52945613325421,0.00041641473258563,0.0120596329641728,"Rbfox2","ENSMUSG00000033565"
"ENSMUSG00000033590.7",115.378859307206,-3.14686473784322,0.860166890195016,-3.65843509406618,0.000253759986372201,0.00845358405898925,"Myo5c","ENSMUSG00000033590"
"ENSMUSG00000033981.10",48.8741611738674,-11.1222684549707,2.61883694840722,-4.24702594093734,2.16626886048275e-05,0.00113040560650914,"Gria2","ENSMUSG00000033981"
"ENSMUSG00000034127.10",6617.49746979551,2.02842222560214,0.3567375054429,5.68603579565819,1.30022153172235e-08,2.3911073968374e-06,"Tspan8","ENSMUSG00000034127"
"ENSMUSG00000034394.10",135.086826795086,-4.46066455694879,1.37299890081872,-3.24884787182925,0.00115873429494349,0.0259675589263295,"Lif","ENSMUSG00000034394"
"ENSMUSG00000034438.12",160.225345981544,-4.03701953460806,1.17195059242296,-3.44470113391187,0.000571691121532515,0.0149923703743072,"Gbp8","ENSMUSG00000034438"
"ENSMUSG00000034459.8",1102.2547406499,-3.40966451180868,0.856666767230429,-3.98015265939636,6.8871026457787e-05,0.00293328984266815,"Ifit1","ENSMUSG00000034459"
"ENSMUSG00000034656.12",65.2263984496089,-6.93340349934298,2.06290468114862,-3.36099072473017,0.000776634335490398,0.019103487563497,"Cacna1a","ENSMUSG00000034656"
"ENSMUSG00000034731.9",108.473020374573,-2.8615515298717,0.923884599014447,-3.09730407122736,0.00195289443778901,0.0383484379443917,"Dgkh","ENSMUSG00000034731"
"ENSMUSG00000034765.6",664.109428717844,-2.1185058077636,0.564010861859437,-3.7561436330841,0.000172551685820372,0.00614668378157219,"Dusp5","ENSMUSG00000034765"
"ENSMUSG00000034825.9",1015.60101355525,7.46582816152834,1.50568743176922,4.95841833039398,7.10694028322296e-07,6.70239137479335e-05,"Nrip3","ENSMUSG00000034825"
"ENSMUSG00000035448.8",699.703557101915,-8.66792370560799,1.60824908555058,-5.38966493653598,7.05891686540212e-08,9.74542144482045e-06,"Ccr3","ENSMUSG00000035448"
"ENSMUSG00000035459.11",79.5823650041694,-9.71237104685688,2.34769352146788,-4.1369842179333,3.51900302705066e-05,0.00171429048125726,"Stab2","ENSMUSG00000035459"
"ENSMUSG00000035472.9",1718.05615713269,2.31484750305847,0.546004267103642,4.23961430803079,2.23904156713995e-05,0.00115581682581625,"Slc25a21","ENSMUSG00000035472"
"ENSMUSG00000035498.9",54.7263842696415,-4.23190467189627,1.26113375161927,-3.35563509141088,0.000791829729854507,0.0193833593770707,"Cdcp1","ENSMUSG00000035498"
"ENSMUSG00000036002.8",4497.35390499446,-2.23949257291908,0.598554168654675,-3.74150359348866,0.000182922561569125,0.00642280841480901,"Atosb","ENSMUSG00000036002"
"ENSMUSG00000036053.12",544.055016527282,-2.1941268889978,0.659906626720736,-3.32490507013249,0.000884486451874764,0.0210900562074255,"Fmnl2","ENSMUSG00000036053"
"ENSMUSG00000036172.13",140.595540420654,-5.11071014714772,1.60086383963611,-3.19247022801728,0.00141061485625489,0.0298603823960028,"Cd200r3","ENSMUSG00000036172"
"ENSMUSG00000036211.3",40.2941415331654,7.16012776999884,2.03670248636811,3.5155491869443,0.000438845460697423,0.012439873637342,"H1f6","ENSMUSG00000036211"
"ENSMUSG00000036585.11",43.3087068521728,-6.12821819691113,1.88434096246631,-3.25218117048746,0.00114522999119976,0.0257624214534111,"Fgf1","ENSMUSG00000036585"
"ENSMUSG00000036995.7",27.8586388676529,-6.81765226621206,2.23604647381746,-3.04897610404882,0.00229622745508495,0.0431538939209621,"Asap3","ENSMUSG00000036995"
"ENSMUSG00000037095.7",123.58836777714,-5.24651398988742,1.08061637975351,-4.85511240453727,1.20318474685662e-06,0.000106634060215389,"Lrg1","ENSMUSG00000037095"
"ENSMUSG00000037336.10",9464.97456694377,2.35164528090732,0.487849589684689,4.82043099068148,1.4324840431433e-06,0.000121819105449273,"Mfsd2b","ENSMUSG00000037336"
"ENSMUSG00000037922.9",258.663835988955,-5.26107573034697,1.04749366135284,-5.02253705626464,5.09933546021957e-07,5.10349818304424e-05,"Bank1","ENSMUSG00000037922"
"ENSMUSG00000037940.11",336.763761335254,-2.06961555190219,0.63964392875097,-3.23557444833959,0.00121398222919978,0.0266967213093979,"Inpp4b","ENSMUSG00000037940"
"ENSMUSG00000037944.8",38.5024931317967,-8.82770969722996,1.87640201023369,-4.70459403106829,2.54371608657042e-06,0.000198006090294307,"Ccr7","ENSMUSG00000037944"
"ENSMUSG00000037960.10",145.130397921697,-2.26306296709674,0.621284698437368,-3.64255384494212,0.000269946487519531,0.00882545049863854,"Card19","ENSMUSG00000037960"
"ENSMUSG00000038349.10",40.2488777499592,-6.7024967519837,2.01229062329346,-3.33077969672885,0.00086603111761266,0.0207847468227038,"Plcl1","ENSMUSG00000038349"
"ENSMUSG00000038357.9",5513.69587730407,-3.2303775399045,0.469955143851462,-6.87379972784278,6.25139573115891e-12,3.06568446656033e-09,"Camp","ENSMUSG00000038357"
"ENSMUSG00000038456.5",31.2922133250272,-8.6568938476609,2.45460126067927,-3.52680249388663,0.000420610394452388,0.012133372790556,"Dennd2a","ENSMUSG00000038456"
"ENSMUSG00000038463.8",282.026108148319,-2.99508127889071,0.844083094648203,-3.54832515646934,0.000387689297560046,0.0115225958499058,"Olfml2b","ENSMUSG00000038463"
"ENSMUSG00000038894.6",723.564536948392,-2.03912036500016,0.413654996725373,-4.92951948155468,8.24321156579764e-07,7.67557775670981e-05,"Irs2","ENSMUSG00000038894"
"ENSMUSG00000039109.11",3770.27701803548,2.79620587247678,0.511266285673246,5.46917712126212,4.52129752899535e-08,6.78748257618158e-06,"F13a1","ENSMUSG00000039109"
"ENSMUSG00000039542.11",426.438351719917,-2.46721640869097,0.565600391567157,-4.36211934340224,1.2880856998526e-05,0.000743149679067902,"Ncam1","ENSMUSG00000039542"
"ENSMUSG00000039616.9",109.028844945303,-5.45612580170212,1.39180990484516,-3.92016595277006,8.84880132574905e-05,0.00357647156880275,"Mocos","ENSMUSG00000039616"
"ENSMUSG00000039960.5",307.644438756203,-2.06631155104557,0.516327880993499,-4.00193680625895,6.28260804806211e-05,0.00275088480961577,"Rhou","ENSMUSG00000039960"
"ENSMUSG00000040111.10",731.756409460545,-2.13428780764683,0.352999274204568,-6.04615352951116,1.48344742454326e-09,3.57778336227548e-07,"Gramd1b","ENSMUSG00000040111"
"ENSMUSG00000040152.8",466.668715975843,-2.66070761124937,0.772759139402259,-3.44312668150062,0.000575029886881557,0.0150263582518676,"Thbs1","ENSMUSG00000040152"
"ENSMUSG00000040254.7",277.552992781283,-5.8478759557356,0.744695528960694,-7.85270721834058,4.07151391446539e-15,5.99001127096149e-12,"Sema3d","ENSMUSG00000040254"
"ENSMUSG00000040428.13",56.2018136961341,-8.45779884074804,2.17419495357903,-3.89008300604567,0.000100209938432776,0.00395251639201878,"Plekha4","ENSMUSG00000040428"
"ENSMUSG00000040537.13",322.222066379831,-2.67440541100476,0.669948902188581,-3.9919543151247,6.55309992158382e-05,0.00282724944417423,"Adam22","ENSMUSG00000040537"
"ENSMUSG00000040809.10",9762.76951814687,-3.06694454936261,0.522287162550283,-5.87214231800564,4.30199173474721e-09,9.04155748594299e-07,"Chil3","ENSMUSG00000040809"
"ENSMUSG00000040855.11",246.091202144353,2.27619817362206,0.743510534480378,3.06142020598651,0.00220289698951659,0.0417104511065226,"Reps2","ENSMUSG00000040855"
"ENSMUSG00000040964.12",132.954880482808,-2.28562573662419,0.761556747558733,-3.00125465889582,0.00268869605329957,0.0485947129436649,"Arhgef10l","ENSMUSG00000040964"
"ENSMUSG00000041237.8",671.540297811139,3.07206652013836,0.833120625097289,3.68742103795548,0.000226538356879241,0.00769707230117181,"Pklr","ENSMUSG00000041237"
"ENSMUSG00000041515.5",1661.65211853736,2.23706825999017,0.370417380256361,6.0393177513483,1.54767206426598e-09,3.67247603378728e-07,"Irf8","ENSMUSG00000041515"
"ENSMUSG00000041617.6",35.9613060782332,7.60973068321621,2.06950170767097,3.6770835486675,0.000235915788344438,0.00797883466235258,"Ccdc74a","ENSMUSG00000041617"
"ENSMUSG00000041797.7",274.487131164765,2.19635247048223,0.685983777414474,3.20175570151302,0.00136592785816365,0.0290818099121616,"Abca9","ENSMUSG00000041797"
"ENSMUSG00000041831.11",13.9992197924068,-7.41315250555662,2.40054266256116,-3.08811529208461,0.00201430307838268,0.0391989773666216,"Sytl3","ENSMUSG00000041831"
"ENSMUSG00000041842.11",22121.4068352035,-2.03726787416625,0.311104483996595,-6.54850051659347,5.81176560780889e-11,2.25007093742327e-08,"Fhdc1","ENSMUSG00000041842"
"ENSMUSG00000042417.4",25.7649297565517,-8.2374432420943,2.34866582538004,-3.50728620184244,0.00045270196796406,0.0127345150146984,"Ccno","ENSMUSG00000042417"
"ENSMUSG00000042678.12",291.703699951653,-3.99822972177768,1.02666922084853,-3.89436991056688,9.8454311051477e-05,0.00392536537720685,"Myo15a","ENSMUSG00000042678"
"ENSMUSG00000042724.7",164.089041711254,-2.71232331462244,0.720415477142755,-3.76494314833407,0.000166586980439587,0.00596308432172068,"Map3k9","ENSMUSG00000042724"
"ENSMUSG00000043505.7",207.072654996279,-2.44588327976825,0.725783974757976,-3.36998799206591,0.000751714593311616,0.0185869329357992,"Gimap5","ENSMUSG00000043505"
"ENSMUSG00000043740.10",368.975061339553,-2.86655089831149,0.700206188246265,-4.09386684440914,4.24238004967082e-05,0.00200272680227045,"Trem6l","ENSMUSG00000043740"
"ENSMUSG00000043873.7",26.4635253645961,-8.66998715329756,2.73248272221316,-3.17293393397025,0.0015090685974912,0.0313579339071899,"Chil5","ENSMUSG00000043873"
"ENSMUSG00000043939.10",120.002277886988,-3.34325495992227,0.870165580796663,-3.84209055575539,0.000121990808788427,0.00464955642200866,"A530064D06Rik","ENSMUSG00000043939"
"ENSMUSG00000044103.4",132.169691382396,-4.142683625975,0.683543807504504,-6.06059711242092,1.35617140303639e-09,3.32533228024524e-07,"Il36g","ENSMUSG00000044103"
"ENSMUSG00000044162.10",263.881704994527,-3.35638536148039,0.96534233370224,-3.4768861203964,0.000507273226797385,0.0137440215702452,"Tnip3","ENSMUSG00000044162"
"ENSMUSG00000044220.13",156.00895025898,-4.10195581079553,1.01489209378414,-4.0417654605042,5.30502797409605e-05,0.00238677588852909,"Nkx2-3","ENSMUSG00000044220"
"ENSMUSG00000044352.6",10062.0085009851,8.93242158701776,1.47045731047944,6.07458749285648,1.24306846462912e-09,3.15310745717649e-07,"Sowaha","ENSMUSG00000044352"
"ENSMUSG00000045094.7",130.497135390052,-8.06974257500803,1.76461084813107,-4.57310039975945,4.80559720129714e-06,0.00033349031144096,"Arhgef37","ENSMUSG00000045094"
"ENSMUSG00000045551.7",185.56042923048,-4.21169367358568,1.20977408582716,-3.48138856909471,0.000498821283609456,0.0136487327216959,"Fpr1","ENSMUSG00000045551"
"ENSMUSG00000045730.3",8891.79242830907,-3.20463650462774,0.362584008143449,-8.83832831193122,9.71614041544257e-19,2.85887715583982e-15,"Adrb2","ENSMUSG00000045730"
"ENSMUSG00000046159.11",32.3557779674616,-8.52428516889033,2.19174752907845,-3.88926418567675,0.000100548616062413,0.00395527069387759,"Chrm3","ENSMUSG00000046159"
"ENSMUSG00000046245.9",431.605006293493,-2.50408021603676,0.675877383594518,-3.70493269462475,0.000211446870877964,0.00730236235764461,"Pilra","ENSMUSG00000046245"
"ENSMUSG00000046768.9",105.255713405273,-7.84435042500666,2.36821960702249,-3.31234079886247,0.000925187663811568,0.0218832168970993,"Rhoj","ENSMUSG00000046768"
"ENSMUSG00000047798.11",296.405290988491,-7.99134688073506,1.12402176515662,-7.10960154728104,1.16378447389167e-12,7.44417268691055e-10,"Cd300lf","ENSMUSG00000047798"
"ENSMUSG00000047867.7",2312.49761924118,-2.35386350109451,0.307456653922738,-7.65591985427,1.91933401303938e-14,2.17209553844887e-11,"Gimap6","ENSMUSG00000047867"
"ENSMUSG00000048612.11",522.613919523648,-3.18302791721154,0.501190340455116,-6.35093628165525,2.140083462044e-10,6.84454519425899e-08,"Myof","ENSMUSG00000048612"
"ENSMUSG00000048752.3",24.4122351821703,9.88530684998871,2.77926500686457,3.55680614319713,0.000375390958627705,0.0112939709270568,"Prss50","ENSMUSG00000048752"
"ENSMUSG00000048852.9",356.725010961877,-3.55381698873734,1.08149693856353,-3.28601668855172,0.00101614989418947,0.0235798063774691,"Gm12185","ENSMUSG00000048852"
"ENSMUSG00000048960.9",103.377935530203,-6.74860674734813,1.91562242094136,-3.52293159318514,0.000426801504755927,0.0122878742426012,"Prex2","ENSMUSG00000048960"
"ENSMUSG00000049092.10",45.3841134614726,-9.75974523953978,2.20042899266977,-4.43538295125731,9.19087590870901e-06,0.000567078908207421,"Gpr137c","ENSMUSG00000049092"
"ENSMUSG00000049130.5",140.936932058988,-3.93337136275214,1.29760185479703,-3.03126213037618,0.00243533722917898,0.0450675236675234,"C5ar1","ENSMUSG00000049130"
"ENSMUSG00000049625.5",725.642879857386,2.33104269638781,0.625457660560483,3.72693923726016,0.00019381916065128,0.006757031970383,"Tifab","ENSMUSG00000049625"
"ENSMUSG00000050357.8",175.927230032211,-2.02105331180582,0.653546050104327,-3.09244208802607,0.00198516963692738,0.0387345035788802,"Carmil2","ENSMUSG00000050357"
"ENSMUSG00000050921.8",216.906669672944,-2.75550036147715,0.669885434136723,-4.11339047105591,3.89890071824291e-05,0.00186235803138928,"P2ry10","ENSMUSG00000050921"
"ENSMUSG00000050966.5",187.120697059714,-5.17577770302057,0.917169629914792,-5.64320659363897,1.66911859362463e-08,2.95856298185609e-06,"Lin28a","ENSMUSG00000050966"
"ENSMUSG00000051379.8",26.8032390197879,-10.3990145579726,3.37527678315291,-3.08093683157406,0.00206350421084127,0.0398926070300877,"Flrt3","ENSMUSG00000051379"
"ENSMUSG00000051747.10",58.403701295507,-6.06068833355616,1.52106808591608,-3.98449509898567,6.76237527082781e-05,0.00289209491233775,"Ttn","ENSMUSG00000051747"
"ENSMUSG00000051748.2",573.896283273484,-2.81557391048714,0.680949227779177,-4.13477803575716,3.55297869195967e-05,0.00172512945597725,"Wfdc21","ENSMUSG00000051748"
"ENSMUSG00000051998.10",214.027167296037,-3.25138004280441,0.794258819200774,-4.09360269499573,4.24721834086719e-05,0.00200272680227045,"Lax1","ENSMUSG00000051998"
"ENSMUSG00000052013.10",310.985505315163,-2.81014405029416,0.759106844560096,-3.70190846049167,0.000213983826187695,0.00735544404409666,"Btla","ENSMUSG00000052013"
"ENSMUSG00000052117.5",24.1984212411119,-9.89671714293307,3.21846936622813,-3.07497633713118,0.0021051925536365,0.0404328888369453,"D630039A03Rik","ENSMUSG00000052117"
"ENSMUSG00000052212.5",3188.1777392463,-2.99874524756676,0.532425659892413,-5.63223276686687,1.77891362831263e-08,3.04318340694598e-06,"Cd177","ENSMUSG00000052212"
"ENSMUSG00000052234.2",944.523525001075,-3.58456978157787,0.5799043124473,-6.18131251076638,6.35708291843881e-10,1.70046188901949e-07,"Epx","ENSMUSG00000052234"
"ENSMUSG00000052270.7",272.669911076523,-3.93009324203679,0.865868344461871,-4.53890394212217,5.65473866635222e-06,0.000378147796633517,"Fpr2","ENSMUSG00000052270"
"ENSMUSG00000052435.6",464.494813782222,-2.47023818104555,0.735063800194554,-3.36057656545152,0.000777799690765002,0.019103487563497,"Cebpe","ENSMUSG00000052435"
"ENSMUSG00000052730.5",103.594531933287,-3.77818999062455,0.937668494270495,-4.02934514032486,5.59324475988734e-05,0.00249357020931705,"Gm5111","ENSMUSG00000052730"
"ENSMUSG00000052749.8",277.929320241325,-3.15909688430714,0.835338139857361,-3.78181808488546,0.00015568712166637,0.00566628692491854,"Trim30b","ENSMUSG00000052749"
"ENSMUSG00000052914.4",241.533082900973,-2.23248913846875,0.578783839016461,-3.85720710906936,0.000114689980352785,0.00441706542133555,"Cyp2j6","ENSMUSG00000052914"
"ENSMUSG00000053886.3",277.558533341499,2.23361569227518,0.74365040452278,3.00358297217434,0.00266820782574991,0.0484028033692142,"Sh2d4a","ENSMUSG00000053886"
"ENSMUSG00000054072.7",529.013814031443,-3.41657308679588,0.40298218381677,-8.47822366347923,2.28658079026155e-17,5.60669609772133e-14,"Iigp1","ENSMUSG00000054072"
"ENSMUSG00000054191.7",4032.34419263653,2.20339312750869,0.727971575134429,3.02675709158259,0.00247192513449314,0.0454587032233288,"Klf1","ENSMUSG00000054191"
"ENSMUSG00000054404.8",623.09712837841,-2.27830334738274,0.43540645213759,-5.23258977031142,1.67151429213012e-07,2.03234035254696e-05,"Slfn5","ENSMUSG00000054404"
"ENSMUSG00000054435.12",368.851669107126,-2.78293854906133,0.640935387430867,-4.34199547042721,1.41194444865355e-05,0.000792844531625613,"Gimap4","ENSMUSG00000054435"
"ENSMUSG00000054690.13",154.054623734683,-3.05938003913698,0.849159300553789,-3.60283404673513,0.000314766500442378,0.00995880592367368,"Emcn","ENSMUSG00000054690"
"ENSMUSG00000055435.6",354.322928977793,-3.70124412691098,0.624319683093146,-5.9284437558871,3.05819124202875e-09,6.7152402317503e-07,"Maf","ENSMUSG00000055435"
"ENSMUSG00000056054.8",19566.2727724718,-3.12436140216239,0.448688258047225,-6.963323301038,3.32337934685957e-12,1.88052142119223e-09,"S100a8","ENSMUSG00000056054"
"ENSMUSG00000056071.8",21415.0632172872,-3.27354307037764,0.599139220607863,-5.46374358042598,4.66196820756327e-08,6.92796729996675e-06,"S100a9","ENSMUSG00000056071"
"ENSMUSG00000056399.1",928.451431011345,-4.32638475238152,0.641503500394967,-6.74413272837609,1.5394376572327e-11,6.47091623234499e-09,"Prss34","ENSMUSG00000056399"
"ENSMUSG00000056498.9",414.1388278402,-2.12727456514798,0.615242889625747,-3.45761747273829,0.000544974588616022,0.0144984921296906,"Tmem154","ENSMUSG00000056498"
"ENSMUSG00000056529.7",426.895803915072,-2.39485630884313,0.491988781061053,-4.86770512058881,1.12901623266193e-06,0.000100667192817711,"Ptafr","ENSMUSG00000056529"
"ENSMUSG00000056738.7",1863.16793107301,7.33027969280372,1.58603898345737,4.62175253525272,3.80511757717442e-06,0.000275767930026552,"A730036I17Rik","ENSMUSG00000056738"
"ENSMUSG00000056895.4",839.058460202605,2.47900584812966,0.610563295949805,4.06019468345745,4.90318153757551e-05,0.00224023623542891,"H2bc27","ENSMUSG00000056895"
"ENSMUSG00000057176.3",308.4944013896,-3.11655756200498,0.646072405621844,-4.82385183902925,1.40812033342631e-06,0.000120443408984697,"Cfap119","ENSMUSG00000057176"
"ENSMUSG00000057191.9",505.995320952304,-3.24898621282372,0.700803009073227,-4.63609055720283,3.55060462795624e-06,0.000261182476432461,"AB124611","ENSMUSG00000057191"
"ENSMUSG00000058216.8",101.932644128542,3.167597325776,0.744771753466782,4.2531115217936,2.10820517054818e-05,0.00110771123103946,"Gstp3","ENSMUSG00000058216"
"ENSMUSG00000058818.9",547.138359641711,-2.59436173044603,0.538984761337243,-4.81342315506159,1.48366667851551e-06,0.000125446575714484,"Pirb","ENSMUSG00000058818"
"ENSMUSG00000059108.3",661.347706510633,-4.70024656069033,1.09217015548447,-4.30358450749405,1.6805670273075e-05,0.000922556048721938,"Ifitm6","ENSMUSG00000059108"
"ENSMUSG00000061311.6",447.380033487672,-4.57981679461093,1.01948640520759,-4.4922784366883,7.04652123514718e-06,0.000458709824829581,"Rag1","ENSMUSG00000061311"
"ENSMUSG00000061878.11",1298.06839453364,2.43303056785064,0.687596859578313,3.53845503212851,0.000402475827136141,0.0117718178306698,"Sphk1","ENSMUSG00000061878"
"ENSMUSG00000062093.4",1512.07985309756,2.03203313895535,0.474714896536636,4.28053375569293,1.86445603636216e-05,0.00100845136790294,NA,"ENSMUSG00000062093"
"ENSMUSG00000062488.9",14.4404540036393,-7.66078310757329,2.4443424345692,-3.13408751541125,0.00172389433348326,0.034742374567405,"Ifit3b","ENSMUSG00000062488"
"ENSMUSG00000062515.3",214.335502115274,-4.75800421586932,1.46644849889759,-3.24457641672802,0.0011762545185458,0.0260248039259427,"Fabp4","ENSMUSG00000062515"
"ENSMUSG00000062524.3",57.4490819510835,-9.38203192661073,1.81632648370043,-5.16538849749996,2.39940030504336e-07,2.77952577069275e-05,"Ncr1","ENSMUSG00000062524"
"ENSMUSG00000062593.11",437.289277016538,-3.2963065072901,0.696970531722293,-4.72947758514919,2.2509830428219e-06,0.000179471716573914,"Lilrb4a","ENSMUSG00000062593"
"ENSMUSG00000063684.9",85.5191550633682,3.68179960353975,0.863550937149664,4.26355811238225,2.01197143504121e-05,0.00106859652535474,NA,"ENSMUSG00000063684"
"ENSMUSG00000064147.6",1780.78968951152,2.11056995913505,0.396542845617215,5.32242601893362,1.02392430992906e-07,1.35711481510597e-05,"Rab44","ENSMUSG00000064147"
"ENSMUSG00000064246.6",632.464973910889,-2.47299662015478,0.739178610334791,-3.34560089480228,0.000821044817643209,0.0199656386068874,"Chi3l1","ENSMUSG00000064246"
"ENSMUSG00000064262.5",558.968857119737,-3.83188237839022,0.881693294649889,-4.34604913255217,1.38611533812832e-05,0.000781322944618537,"Gimap8","ENSMUSG00000064262"
"ENSMUSG00000064354.1",25368.1222757183,2.20209791278278,0.530047488546172,4.15452947210967,3.25957603717472e-05,0.00160922425029914,"COX2","ENSMUSG00000064354"
"ENSMUSG00000064357.1",243097.387501786,2.17353917147352,0.686356288461646,3.16677971486959,0.00154137030007725,0.0319389293728684,"ATP6","ENSMUSG00000064357"
"ENSMUSG00000064563.1",198.777020790355,-2.79766759752539,0.657121933599833,-4.25745581523852,2.06766508920908e-05,0.00109030425779369,"Snora7a","ENSMUSG00000064563"
"ENSMUSG00000064637.1",109.456640121052,-8.02219277414266,1.71580304339621,-4.67547414898145,2.9327522091846e-06,0.000223782906261077,NA,"ENSMUSG00000064637"
"ENSMUSG00000064949.1",739.76384928764,-3.79996551600602,0.850999671997418,-4.4652960994532,7.9958090854447e-06,0.000505789847213229,NA,"ENSMUSG00000064949"
"ENSMUSG00000065947.3",426.800032915227,13.0151749080835,3.37249405734121,3.85921359290529,0.000113752484969577,0.00439245815977013,"ND4L","ENSMUSG00000065947"
"ENSMUSG00000066682.7",203.958664814652,-3.78918876308783,0.990764695232813,-3.82450927179782,0.000131032815201678,0.00491774177869156,"Pilrb2","ENSMUSG00000066682"
"ENSMUSG00000066878.4",2900.03946573447,2.40005131711917,0.748389699226042,3.20695397010571,0.00134148458598637,0.0286859320189412,"Kpna2rt","ENSMUSG00000066878"
"ENSMUSG00000067147.7",55.3130600337346,11.0570788529333,2.39161235726726,4.62327384257518,3.77730531178806e-06,0.000275107503698148,"Rpl7a-ps11","ENSMUSG00000067147"
"ENSMUSG00000068735.10",189.915478001034,-2.40945274404492,0.788517315157695,-3.05567512307964,0.00224554424193798,0.0423001880760456,"Trp53i11","ENSMUSG00000068735"
"ENSMUSG00000069516.7",26476.1165750759,-2.2571050387887,0.414467765358272,-5.44579151248982,5.15755192592459e-08,7.58779039342026e-06,"Lyz2","ENSMUSG00000069516"
"ENSMUSG00000069873.3",282.472105635643,-4.28484851338751,0.915122632020224,-4.68226701368786,2.83719575969231e-06,0.000218538345636614,"4930438A08Rik","ENSMUSG00000069873"
"ENSMUSG00000069874.6",1070.14051827815,-2.04184312779975,0.328876973646784,-6.20853173500892,5.34819235882044e-10,1.48457747137672e-07,"Irgm2","ENSMUSG00000069874"
"ENSMUSG00000070436.7",57.7271923978419,-5.61476686608421,1.6503336670815,-3.40220100824431,0.000668454532067195,0.0169556949582286,"Serpinh1","ENSMUSG00000070436"
"ENSMUSG00000070868.7",100.065729860496,-10.9663495439975,1.92277421655992,-5.70339952010466,1.174412791845e-08,2.21512320431072e-06,"Skint3","ENSMUSG00000070868"
"ENSMUSG00000070997.4",39.5009628273969,-5.13813129275715,1.52932071373996,-3.35974740065597,0.00078013766207009,0.0191289754739586,"1700055D18Rik","ENSMUSG00000070997"
"ENSMUSG00000071226.7",2274.2578797891,2.91352471145887,0.483249180182541,6.02903187618099,1.6494475586184e-09,3.79166757537405e-07,"Cecr2","ENSMUSG00000071226"
"ENSMUSG00000071716.4",68.8122961823736,-3.75112278499546,1.07248260828146,-3.4976070996678,0.000469452177758042,0.0130312838475025,"Apol7e","ENSMUSG00000071716"
"ENSMUSG00000072596.4",865.353882895328,-2.43303849234848,0.438829067004502,-5.54438772471634,2.94984539252784e-08,4.5413386492009e-06,"Ear2","ENSMUSG00000072596"
"ENSMUSG00000072601.4",359.571591538335,-6.70879843040939,1.42189281291159,-4.718216710493,2.37920979284447e-06,0.000188187819743698,"Ear1","ENSMUSG00000072601"
"ENSMUSG00000072966.7",115.721791109126,-3.09291472129037,0.896713089340466,-3.4491687007326,0.000562315276182316,0.0147728256128469,"Gprasp2","ENSMUSG00000072966"
"ENSMUSG00000073491.6",99.459176810944,-4.40326711313092,1.42980081463334,-3.07963673545682,0.0020725321072808,0.0400145569059253,"Ifi213","ENSMUSG00000073491"
"ENSMUSG00000073555.1",116.372066516834,-5.09945409423494,1.16616735466149,-4.37283214441823,1.22645021623124e-05,0.000719358208280937,"Iigp1c","ENSMUSG00000073555"
"ENSMUSG00000073678.4",267.979741634992,-3.42011351667582,0.638755916150329,-5.35433556105163,8.58713719666216e-08,1.16604583635849e-05,"Pgap1","ENSMUSG00000073678"
"ENSMUSG00000074063.5",24.9496784126017,-10.213336975715,2.34496222117365,-4.35543774799202,1.32801255586689e-05,0.000760222596183413,"Osgin1","ENSMUSG00000074063"
"ENSMUSG00000074622.4",92.3917824613949,-8.79241387526157,1.89831644789223,-4.63169029854012,3.62692415265994e-06,0.000265469194696184,"Mafb","ENSMUSG00000074622"
"ENSMUSG00000074677.7",96.2811182841919,-8.29092154384209,2.48611345757628,-3.33489266894719,0.000853323285887543,0.0205804789868484,"Sirpb1c","ENSMUSG00000074677"
"ENSMUSG00000075590.2",30.9906488254985,-6.6480894472082,1.83409096153813,-3.62473268045162,0.000289260492773146,0.00933245695104938,"Nrbp2","ENSMUSG00000075590"
"ENSMUSG00000075704.12",4739.28641661536,2.0833611242169,0.37053691451698,5.62254674931027,1.88162623713741e-08,3.14003692703775e-06,"Txnrd2","ENSMUSG00000075704"
"ENSMUSG00000076523.1",64.0380000425105,-6.91168218826418,1.72886851720839,-3.99780672704047,6.39321183027573e-05,0.00278274948068096,"Igkv15-103","ENSMUSG00000076523"
"ENSMUSG00000076609.1",867.638513677303,-5.10734970011377,0.609292054253923,-8.38243279960003,5.18447945691302e-17,1.08962945385863e-13,"Igkc","ENSMUSG00000076609"
"ENSMUSG00000076612.3",595.109996237752,-10.656169856192,1.57061234525251,-6.78472309758827,1.16309373153107e-11,5.03277499361326e-09,"Ighg2c","ENSMUSG00000076612"
"ENSMUSG00000076613.3",1449.90866187209,-2.95438458989503,0.422917856311184,-6.9857173108368,2.83404213944744e-12,1.66777711822203e-09,"Ighg2b","ENSMUSG00000076613"
"ENSMUSG00000076614.3",206.338692557609,-9.45194103032427,3.1186207790676,-3.03080807187792,0.00243900230075994,0.0450786455386686,NA,"ENSMUSG00000076614"
"ENSMUSG00000076615.3",201.632925749222,-10.5363190749658,1.94769751639055,-5.40962802811986,6.31557878777703e-08,8.93411491593997e-06,"Ighg3","ENSMUSG00000076615"
"ENSMUSG00000076937.2",86.0478082614017,-9.03634487205879,1.86190964386934,-4.85326712916093,1.21443928887384e-06,0.0001069870108857,"Iglc2","ENSMUSG00000076937"
"ENSMUSG00000078350.7",603.693478333475,3.37002832284312,0.516317721177043,6.52704368767453,6.70804860190852e-11,2.53048233413534e-08,"Smim1","ENSMUSG00000078350"
"ENSMUSG00000078606.4",5975.35681150209,-2.19358175809634,0.634083881797876,-3.45945043087466,0.000541278895781972,0.0144787183904443,"Gvin2","ENSMUSG00000078606"
"ENSMUSG00000078763.2",505.823624210475,-11.9875842573019,1.52637773198189,-7.85361578993747,4.04211279538298e-15,5.99001127096149e-12,"Slfn1","ENSMUSG00000078763"
"ENSMUSG00000078867.5",29.4469442427639,-10.5841473345759,3.19645588910338,-3.31121332556378,0.000928923642849995,0.0219363156237707,"Gm14418","ENSMUSG00000078867"
"ENSMUSG00000078922.5",613.865529325067,-2.75759168902932,0.568793414346522,-4.848142786951,1.24622690320318e-06,0.00010913387023765,"Tgtp1","ENSMUSG00000078922"
"ENSMUSG00000079323.5",83.4329449369572,-8.28323526064164,1.89853517243915,-4.36296118233077,1.28313717613667e-05,0.000743149679067902,NA,"ENSMUSG00000079323"
"ENSMUSG00000079339.6",55.700401562194,-9.64179438584379,2.51880192535566,-3.82792878184828,0.000129226133530276,0.00487480737563439,"Ifit1bl1","ENSMUSG00000079339"
"ENSMUSG00000079362.4",233.343898497892,-3.78447324266479,0.528217473952822,-7.16461198139537,7.80071816826046e-13,5.46496027102132e-10,NA,"ENSMUSG00000079362"
"ENSMUSG00000079363.3",49.7662157222512,-10.3466326823714,2.0833663062588,-4.96630508580673,6.82405725398325e-07,6.50396258141583e-05,"Gbp4","ENSMUSG00000079363"
"ENSMUSG00000079419.4",1168.76079379714,2.11217461585582,0.547856117892095,3.85534549469397,0.000115566300776968,0.0044391943003414,"Ms4a6c","ENSMUSG00000079419"
"ENSMUSG00000079563.5",370.592492136741,-3.28460634583185,0.945844464782328,-3.47267068543638,0.000515307225950382,0.013910458547123,"Pglyrp2","ENSMUSG00000079563"
"ENSMUSG00000080465.1",75.1255342624539,-7.31588292758798,1.5660322049638,-4.67160439255275,2.98856143086639e-06,0.000226607756351113,"Snord94","ENSMUSG00000080465"
"ENSMUSG00000080542.1",235.87035721792,-3.02745912882367,0.916674913061058,-3.30265297510331,0.000957748322825591,0.0224012612486647,NA,"ENSMUSG00000080542"
"ENSMUSG00000081984.3",146.040838253369,4.26695394289829,1.235736818524,3.45296334861565,0.000554464332485559,0.0146712369068495,"Dnajb3","ENSMUSG00000081984"
"ENSMUSG00000082186.2",194.801770583692,-6.13496252019483,1.70197996008286,-3.60460326448036,0.000312630128764758,0.00991253115169637,NA,"ENSMUSG00000082186"
"ENSMUSG00000083246.1",25.1009708528065,-8.3940443532298,2.39259210755915,-3.50834742232481,0.00045089979217348,0.0127081182805675,"Gm11839","ENSMUSG00000083246"
"ENSMUSG00000083268.1",36.2777558337111,-8.80836736159554,2.06785180138653,-4.25967052169278,2.04728461383938e-05,0.00108344069204334,NA,"ENSMUSG00000083268"
"ENSMUSG00000083650.1",54.1354483320292,-8.02433472433725,2.19447864699199,-3.65660187003247,0.000255580868592543,0.00846870661876911,NA,"ENSMUSG00000083650"
"ENSMUSG00000084756.1",598.662783805411,-3.31250637575697,1.04942882081057,-3.15648504221413,0.00159683077177728,0.0327194628334086,NA,"ENSMUSG00000084756"
"ENSMUSG00000084904.1",30.2459537940793,-8.12433119919783,2.51338227962025,-3.23242956914033,0.00122742388876431,0.026831887446509,"Gm14827","ENSMUSG00000084904"
"ENSMUSG00000085006.3",90.6927421853768,8.72608768452221,1.89600265450506,4.60236047865667,4.17729389684372e-06,0.000298331785487208,NA,"ENSMUSG00000085006"
"ENSMUSG00000085125.3",48.856450219957,-4.30029437120689,1.35347053135115,-3.1772353158764,0.00148686340663321,0.0310720659636189,"Gm16070","ENSMUSG00000085125"
"ENSMUSG00000085148.1",535.851596671598,-3.78333372740602,1.19062552478927,-3.17760173004492,0.00148498583592498,0.0310720659636189,"Mir22hg","ENSMUSG00000085148"
"ENSMUSG00000085603.2",24.625472108383,-9.06261709791618,2.87191036198848,-3.15560583570628,0.00160165146304659,0.0327725957223109,NA,"ENSMUSG00000085603"
"ENSMUSG00000085611.3",33.1648461315613,4.55562741609884,1.11610343651114,4.08172510456504,4.47026519100101e-05,0.00206993555016428,NA,"ENSMUSG00000085611"
"ENSMUSG00000086324.4",124.7794901579,-6.70561528710518,2.1819626949202,-3.07320345243136,0.00211774052096041,0.0405679668546478,NA,"ENSMUSG00000086324"
"ENSMUSG00000086564.5",71.6212766833467,-4.62731780424745,1.46469043317178,-3.15924628129578,0.00158177760284361,0.0325925939678363,"Cd101","ENSMUSG00000086564"
"ENSMUSG00000086935.1",30.3503903637965,-6.78254344309465,2.20828843750023,-3.07140286926124,0.00213055470013835,0.0407074295434226,NA,"ENSMUSG00000086935"
"ENSMUSG00000088604.3",119.721274031256,-3.27830827453705,1.01036416527882,-3.24467987602506,0.00117582728265568,0.0260248039259427,NA,"ENSMUSG00000088604"
"ENSMUSG00000089417.1",2759.64425328132,-2.01632843285777,0.400676308142427,-5.03231259718264,4.84598235228849e-07,4.91683395633574e-05,"Gm22009","ENSMUSG00000089417"
"ENSMUSG00000089672.4",453.822053498996,-2.44940455736338,0.573980628556085,-4.26739934329341,1.97764955134214e-05,0.00105417319562846,NA,"ENSMUSG00000089672"
"ENSMUSG00000089875.1",201.738706442913,-2.43828002718427,0.677514499749029,-3.59886028725213,0.000319614830167322,0.0100688937503675,NA,"ENSMUSG00000089875"
"ENSMUSG00000090086.3",621.460549085607,-2.18053653856597,0.716493439435461,-3.04334473778861,0.00233964138253237,0.0435706379997674,NA,"ENSMUSG00000090086"
"ENSMUSG00000090639.1",75.659592617802,21.3923195553017,4.78533210780694,4.4703939190347,7.80756618749452e-06,0.000501593509827159,NA,"ENSMUSG00000090639"
"ENSMUSG00000090665.1",29.1475410808769,-8.86062675849315,2.23305834619689,-3.96793338319335,7.2498591766338e-05,0.00303874439335147,NA,"ENSMUSG00000090665"
"ENSMUSG00000090706.1",28.5946318358063,-6.60547650542177,2.08166184267187,-3.17317460983166,0.00150781812306808,0.0313579339071899,NA,"ENSMUSG00000090706"
"ENSMUSG00000090877.3",918.623927193568,2.04922561244152,0.592591856538283,3.45807251623806,0.000544054922178686,0.0144984921296906,"Hspa1b","ENSMUSG00000090877"
"ENSMUSG00000094248.1",2712.52770834212,11.2974694910792,2.89741720819139,3.89915178909676,9.65302494910294e-05,0.00386962678613631,"H2ac23","ENSMUSG00000094248"
"ENSMUSG00000094345.1",195.603726488799,-10.2922803727316,1.63038530553761,-6.31279019614187,2.74048914862271e-10,8.57831411798666e-08,"Igkv14-126","ENSMUSG00000094345"
"ENSMUSG00000094668.1",824.212593860897,-3.77495716392309,0.821559218309294,-4.59486921915582,4.33020763991521e-06,0.000304636361049929,NA,"ENSMUSG00000094668"
"ENSMUSG00000095028.2",36.7791006612718,-8.34948284087456,2.06563783167419,-4.04208458658377,5.29781135763463e-05,0.00238677588852909,"Sirpb1b","ENSMUSG00000095028"
"ENSMUSG00000095079.2",598.974586613024,-12.2420264814553,1.48884179695387,-8.22251666127464,1.9927660802748e-16,3.66469682162536e-13,"Igha","ENSMUSG00000095079"
"ENSMUSG00000095547.1",441.628009500472,-4.98384653189134,1.30456632980771,-3.82030903145105,0.000133284569992462,0.00498952313925979,NA,"ENSMUSG00000095547"
"ENSMUSG00000096108.2",138.847662570932,-9.4197846418603,1.83822329948796,-5.12439628226026,2.98492602658879e-07,3.2289876252334e-05,"Ighv11-2","ENSMUSG00000096108"
"ENSMUSG00000096459.1",24.381691935469,-7.23252429738155,2.08249134699079,-3.47301529383668,0.000514646027867484,0.013910458547123,"Ighv9-3","ENSMUSG00000096459"
"ENSMUSG00000097131.1",19.6386894233464,-5.06328845664577,1.57012121034626,-3.2247755289728,0.00126071476441594,0.0274373307900701,NA,"ENSMUSG00000097131"
"ENSMUSG00000097531.1",1711.84834041808,-2.06771521427108,0.5226506988355,-3.95620864733958,7.61486588026493e-05,0.00318266780768346,NA,"ENSMUSG00000097531"
"ENSMUSG00000097749.1",631.530877680589,-3.77455382583917,0.73837521302076,-5.11197255714629,3.18812149501322e-07,3.42362360836748e-05,NA,"ENSMUSG00000097749"
"ENSMUSG00000098188.1",90.0183914653331,7.4199831913053,2.41561588112974,3.07167345986942,0.00212862446402757,0.0407074295434226,"Sowahc","ENSMUSG00000098188"
"ENSMUSG00000100937.1",91.7173973796313,-7.59353491659958,1.76573087919956,-4.30050525029153,1.70409133741294e-05,0.000931992258588075,"Nscme3l","ENSMUSG00000100937"
"ENSMUSG00000101316.1",28.5316916715005,6.81517747633929,2.04857559896937,3.32678836932743,0.000878530670893194,0.0209820506983452,NA,"ENSMUSG00000101316"
"ENSMUSG00000101645.1",89.7298737532931,22.3437016551001,4.78500544003202,4.6695248177086,3.01897228417741e-06,0.000226607756351113,NA,"ENSMUSG00000101645"
"ENSMUSG00000102051.1",249.576739843381,-3.08212196069189,0.901791448072162,-3.41777687876816,0.00063134840834891,0.0161256905965784,NA,"ENSMUSG00000102051"
"ENSMUSG00000102543.1",39.5614213323723,-7.6074481298886,1.95474404552172,-3.89178734030018,9.95084480263628e-05,0.00394741758536465,"Pcdhgc5","ENSMUSG00000102543"
"ENSMUSG00000102975.1",119.724336198739,-3.24759185814753,1.02850458959461,-3.15758616053194,0.0015908121770318,0.0327044871475314,NA,"ENSMUSG00000102975"
"ENSMUSG00000103445.1",527.863006508612,3.11184685556013,0.507763760523655,6.12853278924611,8.86931522859037e-10,2.28921694110564e-07,NA,"ENSMUSG00000103445"
"ENSMUSG00000103508.1",258.879239922784,-2.88293710087185,0.883163767206158,-3.26432900433842,0.00109723672010324,0.025105049185317,NA,"ENSMUSG00000103508"
