Category,CategoryID,GO,Description,PARENT_GO,LogP,Enrichment,Z-score,#TotalGeneInLibrary,#GeneInGO,#GeneInHitList,#GeneInGOAndHitList,%InGO,STDV %InGO,GeneID,Hits,Log(q-value),GeneList
Reactome Gene Sets,6,R-MMU-6798695,Neutrophil degranulation,,-15,6.6,12,21160,506,177,28,16,2.7,11501|12182|12489|12796|13058|13586|13587|13861|14134|14191|14289|16819|17002|17105|17394|17395|18733|19074|19204|20201|20202|56318|67689|68891|69189|78892|223646|240047,Adam8|Bst1|Cd33|Camp|Cybb|Ear1|Ear2|Epx|Fcnb|Fgr|Fpr2|Lcn2|Ltf|Lyz2|Mmp8|Mmp9|Pirb|Prg2|Ptafr|S100a8|S100a9|Acp3|Aldh3b1|Cd177|Mcemp1|Crispld2|Naprt|Mmp25,-10,MyList
GO Biological Processes,19,GO:0042742,defense response to bacterium,19_GO:0044419 biological process involved in interspecies interaction between organisms,-11,6.4,9.9,21160,393,177,21,12,2.4,12504|12796|13586|13587|13861|14191|14289|15900|16016|16819|17002|17105|19074|57757|60440|66107|231931|233046|238447|246728|404711,Cd4|Camp|Ear1|Ear2|Epx|Fgr|Fpr2|Irf8|Ighg2b|Lcn2|Ltf|Lyz2|Prg2|Pglyrp2|Iigp1|Wfdc21|Gimap6|Rasgrp4|Igha|Oas2|Ighg2c,-6.8,MyList
Reactome Gene Sets,6,R-MMU-6799990,Metal sequestration by antimicrobial proteins,,-8.3,1.2e+02,22,21160,4,177,4,2.3,1.1,16819|17002|20201|20202,Lcn2|Ltf|S100a8|S100a9,-4.5,MyList
GO Biological Processes,19,GO:0006935,chemotaxis,19_GO:0040011 locomotion,-7.6,5.7,7.9,21160,338,177,16,9,2.2,11501|12768|12769|12771|13586|13587|14289|15370|16842|17395|19204|20201|20202|20305|108151|245195,Adam8|Ccr1|Ccr9|Ccr3|Ear1|Ear2|Fpr2|Nr4a1|Lef1|Mmp9|Ptafr|S100a8|S100a9|Ccl6|Sema3d|Retnlg,-4,MyList
GO Biological Processes,19,GO:0042330,taxis,19_GO:0040011 locomotion,-7.5,5.6,7.9,21160,340,177,16,9,2.2,11501|12768|12769|12771|13586|13587|14289|15370|16842|17395|19204|20201|20202|20305|108151|245195,Adam8|Ccr1|Ccr9|Ccr3|Ear1|Ear2|Fpr2|Nr4a1|Lef1|Mmp9|Ptafr|S100a8|S100a9|Ccl6|Sema3d|Retnlg,-4,MyList
GO Biological Processes,19,GO:0006954,inflammatory response,19_GO:0050896 response to stimulus,-7.5,4.2,7.3,21160,599,177,21,12,2.4,11501|12655|12768|12771|12796|13058|14013|14289|14728|15370|16182|17084|19204|19419|20201|20202|20305|21825|27226|213435|215257,Adam8|Chil3|Ccr1|Ccr3|Camp|Cybb|Mecom|Fpr2|Lilrb4a|Nr4a1|Il18r1|Ly86|Ptafr|Rasgrp1|S100a8|S100a9|Ccl6|Thbs1|Pla2g7|Mylk3|Il36g,-4,MyList
Reactome Gene Sets,6,R-MMU-6803157,Antimicrobial peptides,,-7.2,12,9.6,21160,89,177,9,5.1,1.7,12504|12796|13587|16819|17002|17105|20201|20202|57757,Cd4|Camp|Ear2|Lcn2|Ltf|Lyz2|S100a8|S100a9|Pglyrp2,-3.8,MyList
GO Biological Processes,19,GO:0040011,locomotion,19_GO:0040011 locomotion,-7,5.1,7.4,21160,373,177,16,9,2.2,11501|12768|12769|12771|13586|13587|14289|15370|16842|17395|19204|20201|20202|20305|108151|245195,Adam8|Ccr1|Ccr9|Ccr3|Ear1|Ear2|Fpr2|Nr4a1|Lef1|Mmp9|Ptafr|S100a8|S100a9|Ccl6|Sema3d|Retnlg,-3.6,MyList
GO Biological Processes,19,GO:0001816,cytokine production,19_GO:0032501 multicellular organismal process,-6.6,6.7,7.7,21160,215,177,12,6.8,1.9,12487|12504|13861|14728|15900|16182|17132|19074|19204|19419|215257|242248,Cd28|Cd4|Epx|Lilrb4a|Irf8|Il18r1|Maf|Prg2|Ptafr|Rasgrp1|Il36g|Bank1,-3.3,MyList
GO Biological Processes,19,GO:1903555,regulation of tumor necrosis factor superfamily cytokine production,19_GO:0032501 multicellular organismal process,-5.9,6.5,7.2,21160,203,177,11,6.2,1.8,11501|13058|14728|17002|17394|19204|19419|21825|26888|225884|246728,Adam8|Cybb|Lilrb4a|Ltf|Mmp8|Ptafr|Rasgrp1|Thbs1|Clec4a2|Gstp3|Oas2,-2.7,MyList
GO Biological Processes,19,GO:0060326,cell chemotaxis,19_GO:0040011 locomotion,-5.5,5.9,6.8,21160,223,177,11,6.2,1.8,11501|12768|12769|12771|15370|16842|17395|20201|20202|20305|245195,Adam8|Ccr1|Ccr9|Ccr3|Nr4a1|Lef1|Mmp9|S100a8|S100a9|Ccl6|Retnlg,-2.3,MyList
GO Biological Processes,19,GO:0019221,cytokine-mediated signaling pathway,19_GO:0050896 response to stimulus,-5.5,4.2,6.1,21160,428,177,15,8.5,2.1,12504|12700|12768|12769|12771|16182|18733|20305|23962|60440|213002|215257|216190|246728|246746,Cd4|Cish|Ccr1|Ccr9|Ccr3|Il18r1|Pirb|Ccl6|Oasl2|Iigp1|Ifitm6|Il36g|Appl2|Oas2|Cd300lf,-2.3,MyList
GO Biological Processes,19,GO:0050865,regulation of cell activation,19_GO:0032501 multicellular organismal process,-5.5,3.4,5.8,21160,666,177,19,11,2.3,11501|12182|12487|12504|14191|14728|16842|17394|19373|19419|20555|20971|21825|57757|208154|240754|242248|246746|432628,Adam8|Bst1|Cd28|Cd4|Fgr|Lilrb4a|Lef1|Mmp8|Rag1|Rasgrp1|Slfn1|Sdc4|Thbs1|Pglyrp2|Btla|Lax1|Bank1|Cd300lf|Mfsd2b,-2.3,MyList
GO Biological Processes,19,GO:0001819,positive regulation of cytokine production,19_GO:0048518 positive regulation of biological process,-5.5,3.7,5.9,21160,545,177,17,9.6,2.2,11501|12487|12655|12796|13058|13861|14134|14191|15900|16182|17394|19074|19204|19419|21825|215257|246728,Adam8|Cd28|Chil3|Camp|Cybb|Epx|Fcnb|Fgr|Irf8|Il18r1|Mmp8|Prg2|Ptafr|Rasgrp1|Thbs1|Il36g|Oas2,-2.3,MyList
GO Biological Processes,19,GO:0002694,regulation of leukocyte activation,19_GO:0002376 immune system process,-5.4,3.5,5.8,21160,610,177,18,10,2.3,11501|12182|12487|12504|14191|14728|16842|17394|19373|19419|20555|20971|21825|57757|208154|240754|242248|246746,Adam8|Bst1|Cd28|Cd4|Fgr|Lilrb4a|Lef1|Mmp8|Rag1|Rasgrp1|Slfn1|Sdc4|Thbs1|Pglyrp2|Btla|Lax1|Bank1|Cd300lf,-2.3,MyList
GO Biological Processes,19,GO:0032103,positive regulation of response to external stimulus,19_GO:0048518 positive regulation of biological process,-5.3,3.5,5.7,21160,621,177,18,10,2.3,11501|12487|12768|14134|14289|16016|17002|17084|17394|19419|20201|20202|21825|27226|233046|244183|246746|414084,Adam8|Cd28|Ccr1|Fcnb|Fpr2|Ighg2b|Ltf|Ly86|Mmp8|Rasgrp1|S100a8|S100a9|Thbs1|Pla2g7|Rasgrp4|Trim30b|Cd300lf|Tnip3,-2.2,MyList
GO Biological Processes,19,GO:0022407,regulation of cell-cell adhesion,19_GO:0050789 regulation of biological process,-5.1,3.7,5.7,21160,516,177,16,9,2.2,11492|11501|11687|12487|12504|14728|16842|19204|19373|19419|20555|20971|23939|208154|240754|432628,Adam19|Adam8|Alox15|Cd28|Cd4|Lilrb4a|Lef1|Ptafr|Rag1|Rasgrp1|Slfn1|Sdc4|Mapk7|Btla|Lax1|Mfsd2b,-2.1,MyList
GO Biological Processes,19,GO:0032680,regulation of tumor necrosis factor production,19_GO:0032501 multicellular organismal process,-5.1,6,6.5,21160,200,177,10,5.6,1.7,13058|14728|17002|17394|19204|19419|21825|26888|225884|246728,Cybb|Lilrb4a|Ltf|Mmp8|Ptafr|Rasgrp1|Thbs1|Clec4a2|Gstp3|Oas2,-2.1,MyList
GO Biological Processes,19,GO:0050778,positive regulation of immune response,19_GO:0002376 immune system process,-5,3.2,5.4,21160,721,177,19,11,2.3,11501|12487|12504|14134|14289|16016|16182|17002|19204|19419|68891|216190|233046|238447|240754|244183|246746|404711|414084,Adam8|Cd28|Cd4|Fcnb|Fpr2|Ighg2b|Il18r1|Ltf|Ptafr|Rasgrp1|Cd177|Appl2|Rasgrp4|Igha|Lax1|Trim30b|Cd300lf|Ighg2c|Tnip3,-2,MyList
GO Biological Processes,19,GO:0002250,adaptive immune response,19_GO:0002376 immune system process,-5,3.8,5.6,21160,473,177,15,8.5,2.1,12504|14728|16016|16071|16182|16842|18733|19373|20555|26888|208154|238447|240754|404711|780818,Cd4|Lilrb4a|Ighg2b|Igkc|Il18r1|Lef1|Pirb|Rag1|Slfn1|Clec4a2|Btla|Igha|Lax1|Ighg2c|Ighv11-2,-2,MyList
GO Biological Processes,19,GO:0002697,regulation of immune effector process,19_GO:0002376 immune system process,-4.8,3.7,5.5,21160,485,177,15,8.5,2.1,12487|13861|14134|14191|14728|16016|16182|19074|19204|19419|20202|57757|68891|216190|233046,Cd28|Epx|Fcnb|Fgr|Lilrb4a|Ighg2b|Il18r1|Prg2|Ptafr|Rasgrp1|S100a9|Pglyrp2|Cd177|Appl2|Rasgrp4,-1.9,MyList
GO Biological Processes,19,GO:0032714,negative regulation of interleukin-5 production,19_GO:0048519 negative regulation of biological process,-4.7,51,12,21160,7,177,3,1.7,0.97,13861|14728|16842,Epx|Lilrb4a|Lef1,-1.8,MyList
GO Biological Processes,19,GO:0002683,negative regulation of immune system process,19_GO:0002376 immune system process,-4.6,3.3,5.2,21160,574,177,16,9,2.2,11687|12768|13861|14191|14728|17002|19074|20555|20971|21825|57757|208154|240754|242248|246746|380924,Alox15|Ccr1|Epx|Fgr|Lilrb4a|Ltf|Prg2|Slfn1|Sdc4|Thbs1|Pglyrp2|Btla|Lax1|Bank1|Cd300lf|Olfm4,-1.7,MyList
GO Biological Processes,19,GO:0097529,myeloid leukocyte migration,19_GO:0002376 immune system process,-4.5,6.6,6.2,21160,146,177,8,4.5,1.6,12768|12771|13861|17395|20201|20202|68891|245195,Ccr1|Ccr3|Epx|Mmp9|S100a8|S100a9|Cd177|Retnlg,-1.6,MyList
GO Biological Processes,19,GO:0051249,regulation of lymphocyte activation,19_GO:0002376 immune system process,-4.4,3.4,5.1,21160,530,177,15,8.5,2.1,11501|12182|12487|12504|14191|14728|16842|19373|19419|20555|20971|57757|208154|240754|242248,Adam8|Bst1|Cd28|Cd4|Fgr|Lilrb4a|Lef1|Rag1|Rasgrp1|Slfn1|Sdc4|Pglyrp2|Btla|Lax1|Bank1,-1.5,MyList
GO Biological Processes,19,GO:0031349,positive regulation of defense response,19_GO:0048518 positive regulation of biological process,-4.3,3.5,5.1,21160,473,177,14,7.9,2,11501|12487|14134|14289|16016|17002|17394|19419|20201|20202|233046|244183|246746|414084,Adam8|Cd28|Fcnb|Fpr2|Ighg2b|Ltf|Mmp8|Rasgrp1|S100a8|S100a9|Rasgrp4|Trim30b|Cd300lf|Tnip3,-1.5,MyList
GO Biological Processes,19,GO:0050900,leukocyte migration,19_GO:0002376 immune system process,-4.3,4.7,5.5,21160,252,177,10,5.6,1.7,11501|12768|12771|13861|17395|18089|20201|20202|68891|245195,Adam8|Ccr1|Ccr3|Epx|Mmp9|Nkx2-3|S100a8|S100a9|Cd177|Retnlg,-1.4,MyList
GO Biological Processes,19,GO:0030099,myeloid cell differentiation,19_GO:0032502 developmental process,-4.3,4,5.2,21160,361,177,12,6.8,1.9,11501|11656|12504|12768|15900|16842|17132|18089|18574|18733|19743|246746,Adam8|Alas2|Cd4|Ccr1|Irf8|Lef1|Maf|Nkx2-3|Pde1b|Pirb|Rhag|Cd300lf,-1.4,MyList
GO Biological Processes,19,GO:0002695,negative regulation of leukocyte activation,19_GO:0002376 immune system process,-4.2,5.2,5.6,21160,206,177,9,5.1,1.7,14191|14728|20555|20971|57757|208154|240754|242248|246746,Fgr|Lilrb4a|Slfn1|Sdc4|Pglyrp2|Btla|Lax1|Bank1|Cd300lf,-1.4,MyList
GO Biological Processes,19,GO:0050764,regulation of phagocytosis,19_GO:0051179 localization,-4.2,7,6.1,21160,119,177,7,4,1.5,11687|14134|14191|14289|16016|216190|246746,Alox15|Fcnb|Fgr|Fpr2|Ighg2b|Appl2|Cd300lf,-1.4,MyList
GO Biological Processes,19,GO:0001818,negative regulation of cytokine production,19_GO:0048519 negative regulation of biological process,-4.1,4.1,5.2,21160,318,177,11,6.2,1.8,13861|14728|16842|17002|19074|21825|26888|57757|216190|225884|242248,Epx|Lilrb4a|Lef1|Ltf|Prg2|Thbs1|Clec4a2|Pglyrp2|Appl2|Gstp3|Bank1,-1.3,MyList
GO Biological Processes,19,GO:1903557,positive regulation of tumor necrosis factor superfamily cytokine production,19_GO:0048518 positive regulation of biological process,-4.1,6.7,5.9,21160,124,177,7,4,1.5,11501|13058|17394|19204|19419|21825|246728,Adam8|Cybb|Mmp8|Ptafr|Rasgrp1|Thbs1|Oas2,-1.3,MyList
GO Biological Processes,19,GO:0045088,regulation of innate immune response,19_GO:0044419 biological process involved in interspecies interaction between organisms,-4.1,3.3,4.9,21160,501,177,14,7.9,2,11501|12768|14134|14191|14289|17002|19419|20201|20202|216190|233046|244183|246746|414084,Adam8|Ccr1|Fcnb|Fgr|Fpr2|Ltf|Rasgrp1|S100a8|S100a9|Appl2|Rasgrp4|Trim30b|Cd300lf|Tnip3,-1.3,MyList
GO Biological Processes,19,GO:0002699,positive regulation of immune effector process,19_GO:0002376 immune system process,-4.1,4.1,5.1,21160,322,177,11,6.2,1.8,12487|14134|14191|14728|16016|16182|19204|19419|68891|216190|233046,Cd28|Fcnb|Fgr|Lilrb4a|Ighg2b|Il18r1|Ptafr|Rasgrp1|Cd177|Appl2|Rasgrp4,-1.3,MyList
GO Biological Processes,19,GO:1903037,regulation of leukocyte cell-cell adhesion,19_GO:0050789 regulation of biological process,-4,3.7,4.9,21160,387,177,12,6.8,1.9,11501|12487|12504|14728|16842|19204|19373|19419|20555|20971|208154|240754,Adam8|Cd28|Cd4|Lilrb4a|Lef1|Ptafr|Rag1|Rasgrp1|Slfn1|Sdc4|Btla|Lax1,-1.3,MyList
GO Biological Processes,19,GO:0022409,positive regulation of cell-cell adhesion,19_GO:0048518 positive regulation of biological process,-3.9,3.9,5,21160,334,177,11,6.2,1.8,11492|11501|11687|12487|12504|14728|16842|19204|19373|19419|432628,Adam19|Adam8|Alox15|Cd28|Cd4|Lilrb4a|Lef1|Ptafr|Rag1|Rasgrp1|Mfsd2b,-1.2,MyList
GO Biological Processes,19,GO:0061484,hematopoietic stem cell homeostasis,19_GO:0042592 homeostatic process,-3.9,15,7.4,21160,31,177,4,2.3,1.1,14314|59308|83691|245607,Fstl1|Emcn|Crispld1|Gprasp2,-1.2,MyList
GO Biological Processes,19,GO:0050866,negative regulation of cell activation,19_GO:0048519 negative regulation of biological process,-3.9,4.8,5.2,21160,226,177,9,5.1,1.7,14191|14728|20555|20971|57757|208154|240754|242248|246746,Fgr|Lilrb4a|Slfn1|Sdc4|Pglyrp2|Btla|Lax1|Bank1|Cd300lf,-1.2,MyList
GO Biological Processes,19,GO:0045785,positive regulation of cell adhesion,19_GO:0048518 positive regulation of biological process,-3.9,3.2,4.7,21160,523,177,14,7.9,2,11492|11501|11687|12487|12504|14728|16842|19204|19373|19419|20971|21825|380924|432628,Adam19|Adam8|Alox15|Cd28|Cd4|Lilrb4a|Lef1|Ptafr|Rag1|Rasgrp1|Sdc4|Thbs1|Olfm4|Mfsd2b,-1.2,MyList
GO Biological Processes,19,GO:0045321,leukocyte activation,19_GO:0002376 immune system process,-3.9,2.8,4.5,21160,729,177,17,9.6,2.2,12487|12504|12769|12796|14728|15900|16071|16182|16842|18089|18733|19373|19419|20555|26888|240754|242248,Cd28|Cd4|Ccr9|Camp|Lilrb4a|Irf8|Igkc|Il18r1|Lef1|Nkx2-3|Pirb|Rag1|Rasgrp1|Slfn1|Clec4a2|Lax1|Bank1,-1.2,MyList
GO Biological Processes,19,GO:0051250,negative regulation of lymphocyte activation,19_GO:0002376 immune system process,-3.9,5.3,5.3,21160,180,177,8,4.5,1.6,14191|14728|20555|20971|57757|208154|240754|242248,Fgr|Lilrb4a|Slfn1|Sdc4|Pglyrp2|Btla|Lax1|Bank1,-1.2,MyList
GO Biological Processes,19,GO:0046649,lymphocyte activation,19_GO:0002376 immune system process,-3.8,3,4.6,21160,593,177,15,8.5,2.1,12487|12504|12769|14728|15900|16071|16182|16842|18089|19373|19419|20555|26888|240754|242248,Cd28|Cd4|Ccr9|Lilrb4a|Irf8|Igkc|Il18r1|Lef1|Nkx2-3|Rag1|Rasgrp1|Slfn1|Clec4a2|Lax1|Bank1,-1.2,MyList
GO Biological Processes,19,GO:0002831,regulation of response to biotic stimulus,19_GO:0050896 response to stimulus,-3.8,3,4.5,21160,603,177,15,8.5,2.1,11501|12768|14134|14191|14289|17002|17084|19419|20201|20202|216190|233046|244183|246746|414084,Adam8|Ccr1|Fcnb|Fgr|Fpr2|Ltf|Ly86|Rasgrp1|S100a8|S100a9|Appl2|Rasgrp4|Trim30b|Cd300lf|Tnip3,-1.1,MyList
GO Biological Processes,19,GO:0032673,regulation of interleukin-4 production,19_GO:0032501 multicellular organismal process,-3.7,14,7,21160,34,177,4,2.3,1.1,12487|13861|16842|19074,Cd28|Epx|Lef1|Prg2,-1.1,MyList
GO Biological Processes,19,GO:0007159,leukocyte cell-cell adhesion,19_GO:0009987 cellular process,-3.7,9.5,6.2,21160,63,177,5,2.8,1.2,20201|20202|21825|68891|76905,S100a8|S100a9|Thbs1|Cd177|Lrg1,-1.1,MyList
GO Biological Processes,19,GO:0070486,leukocyte aggregation,19_GO:0009987 cellular process,-3.7,26,8.5,21160,14,177,3,1.7,0.97,20201|20202|21825,S100a8|S100a9|Thbs1,-1.1,MyList
GO Biological Processes,19,GO:0032815,negative regulation of natural killer cell activation,19_GO:0002376 immune system process,-3.7,26,8.5,21160,14,177,3,1.7,0.97,14191|14728|57757,Fgr|Lilrb4a|Pglyrp2,-1.1,MyList
GO Biological Processes,19,GO:0043903,regulation of biological process involved in symbiotic interaction,19_GO:0044419 biological process involved in interspecies interaction between organisms,-3.7,9.3,6.1,21160,64,177,5,2.8,1.2,12504|14134|17002|213002|244183,Cd4|Fcnb|Ltf|Ifitm6|Trim30b,-1.1,MyList
GO Biological Processes,19,GO:0030595,leukocyte chemotaxis,19_GO:0040011 locomotion,-3.6,5.7,5.3,21160,146,177,7,4,1.5,11501|12768|12771|17395|20201|20202|245195,Adam8|Ccr1|Ccr3|Mmp9|S100a8|S100a9|Retnlg,-1.1,MyList
GO Biological Processes,19,GO:0019730,antimicrobial humoral response,19_GO:0044419 biological process involved in interspecies interaction between organisms,-3.6,4.9,5,21160,195,177,8,4.5,1.6,12796|16016|17002|20202|20305|66107|238447|404711,Camp|Ighg2b|Ltf|S100a9|Ccl6|Wfdc21|Igha|Ighg2c,-1.1,MyList
GO Biological Processes,19,GO:0002521,leukocyte differentiation,19_GO:0032502 developmental process,-3.6,3.2,4.5,21160,491,177,13,7.3,2,11501|12487|12504|12769|15900|16071|16182|16842|18089|18574|18733|19373|246746,Adam8|Cd28|Cd4|Ccr9|Irf8|Igkc|Il18r1|Lef1|Nkx2-3|Pde1b|Pirb|Rag1|Cd300lf,-1,MyList
GO Biological Processes,19,GO:0019731,antibacterial humoral response,19_GO:0044419 biological process involved in interspecies interaction between organisms,-3.5,6.7,5.4,21160,107,177,6,3.4,1.4,12796|16016|17002|66107|238447|404711,Camp|Ighg2b|Ltf|Wfdc21|Igha|Ighg2c,-1,MyList
GO Biological Processes,19,GO:1903900,regulation of viral life cycle,19_GO:0016032 viral process,-3.4,5.3,5,21160,158,177,7,4,1.5,12504|14134|17002|23962|213002|244183|246728,Cd4|Fcnb|Ltf|Oasl2|Ifitm6|Trim30b|Oas2,-0.89,MyList
GO Biological Processes,19,GO:0045765,regulation of angiogenesis,19_GO:0032502 developmental process,-3.4,3.7,4.5,21160,320,177,10,5.6,1.7,11555|12771|12796|13058|17395|18054|20620|21825|23939|76905,Adrb2|Ccr3|Camp|Cybb|Mmp9|Ngp|Plk2|Thbs1|Mapk7|Lrg1,-0.89,MyList
GO Biological Processes,19,GO:0097237,cellular response to toxic substance,19_GO:0050896 response to stimulus,-3.4,6.3,5.2,21160,114,177,6,3.4,1.4,13861|14871|20201|20202|74104|99382,Epx|Gstt1|S100a8|S100a9|Abcb6|Abtb2,-0.88,MyList
GO Biological Processes,19,GO:0048872,homeostasis of number of cells,19_GO:0042592 homeostatic process,-3.4,3.4,4.4,21160,385,177,11,6.2,1.8,11656|14013|14314|14728|18089|18733|19373|19743|59308|83691|245607,Alas2|Mecom|Fstl1|Lilrb4a|Nkx2-3|Pirb|Rag1|Rhag|Emcn|Crispld1|Gprasp2,-0.87,MyList
GO Biological Processes,19,GO:0048525,negative regulation of viral process,19_GO:0016032 viral process,-3.4,6.2,5.2,21160,115,177,6,3.4,1.4,14134|17002|23962|213002|244183|246728,Fcnb|Ltf|Oasl2|Ifitm6|Trim30b|Oas2,-0.87,MyList
GO Biological Processes,19,GO:2000116,regulation of cysteine-type endopeptidase activity,19_GO:0050789 regulation of biological process,-3.4,4.5,4.7,21160,212,177,8,4.5,1.6,15370|17002|17395|19373|20201|20202|21825|22436,Nr4a1|Ltf|Mmp9|Rag1|S100a8|S100a9|Thbs1|Xdh,-0.87,MyList
GO Biological Processes,19,GO:1901342,regulation of vasculature development,19_GO:0032502 developmental process,-3.3,3.7,4.4,21160,327,177,10,5.6,1.7,11555|12771|12796|13058|17395|18054|20620|21825|23939|76905,Adrb2|Ccr3|Camp|Cybb|Mmp9|Ngp|Plk2|Thbs1|Mapk7|Lrg1,-0.86,MyList
GO Biological Processes,19,GO:0050863,regulation of T cell activation,19_GO:0002376 immune system process,-3.3,3.4,4.3,21160,391,177,11,6.2,1.8,11501|12487|12504|14728|16842|19373|19419|20555|20971|208154|240754,Adam8|Cd28|Cd4|Lilrb4a|Lef1|Rag1|Rasgrp1|Slfn1|Sdc4|Btla|Lax1,-0.84,MyList
GO Biological Processes,19,GO:1903706,regulation of hemopoiesis,19_GO:0002376 immune system process,-3.3,3.1,4.2,21160,459,177,12,6.8,1.9,11501|12487|12504|12768|14728|16842|17002|19373|19419|20259|57757|93686,Adam8|Cd28|Cd4|Ccr1|Lilrb4a|Lef1|Ltf|Rag1|Rasgrp1|Scin|Pglyrp2|Rbfox2,-0.82,MyList
GO Biological Processes,19,GO:0035710,"CD4-positive, alpha-beta T cell activation",19_GO:0002376 immune system process,-3.3,7.6,5.4,21160,79,177,5,2.8,1.2,12487|14728|16182|16842|18089,Cd28|Lilrb4a|Il18r1|Lef1|Nkx2-3,-0.81,MyList
GO Biological Processes,19,GO:0035456,response to interferon-beta,19_GO:0050896 response to stimulus,-3.3,7.6,5.4,21160,79,177,5,2.8,1.2,15957|21822|60440|213002|620913,Ifit1|Tgtp1|Iigp1|Ifitm6|Gm12185,-0.81,MyList
GO Biological Processes,19,GO:0002764,immune response-regulating signaling pathway,19_GO:0002376 immune system process,-3.3,3.6,4.3,21160,336,177,10,5.6,1.7,12487|14134|14289|14728|17086|18733|208154|240754|246746|414084,Cd28|Fcnb|Fpr2|Lilrb4a|Ncr1|Pirb|Btla|Lax1|Cd300lf|Tnip3,-0.8,MyList
GO Biological Processes,19,GO:0098754,detoxification,19_GO:0098754 detoxification,-3.2,5.9,5,21160,122,177,6,3.4,1.4,13861|14871|20201|20202|74104|226781,Epx|Gstt1|S100a8|S100a9|Abcb6|Slc30a10,-0.8,MyList
GO Biological Processes,19,GO:0032760,positive regulation of tumor necrosis factor production,19_GO:0048518 positive regulation of biological process,-3.2,5.9,5,21160,122,177,6,3.4,1.4,13058|17394|19204|19419|21825|246728,Cybb|Mmp8|Ptafr|Rasgrp1|Thbs1|Oas2,-0.8,MyList
GO Biological Processes,19,GO:0043408,regulation of MAPK cascade,19_GO:0050896 response to stimulus,-3.2,2.5,4,21160,752,177,16,9,2.2,11501|11555|11687|12504|12768|14013|14289|14728|19419|21825|22436|225884|226781|240754|242248|244183,Adam8|Adrb2|Alox15|Cd4|Ccr1|Mecom|Fpr2|Lilrb4a|Rasgrp1|Thbs1|Xdh|Gstp3|Slc30a10|Lax1|Bank1|Trim30b,-0.79,MyList
GO Biological Processes,19,GO:0019722,calcium-mediated signaling,19_GO:0050896 response to stimulus,-3.2,4.9,4.7,21160,171,177,7,4,1.5,12504|12768|12769|12771|14289|17967|23939,Cd4|Ccr1|Ccr9|Ccr3|Fpr2|Ncam1|Mapk7,-0.79,MyList
GO Biological Processes,19,GO:0002385,mucosal immune response,19_GO:0002376 immune system process,-3.2,7.3,5.2,21160,82,177,5,2.8,1.2,12796|13586|13587|17002|238447,Camp|Ear1|Ear2|Ltf|Igha,-0.79,MyList
GO Biological Processes,19,GO:2000379,positive regulation of reactive oxygen species metabolic process,19_GO:0048518 positive regulation of biological process,-3.2,7.3,5.2,21160,82,177,5,2.8,1.2,14289|16819|21825|22436|68891,Fpr2|Lcn2|Thbs1|Xdh|Cd177,-0.79,MyList
GO Biological Processes,19,GO:0032674,regulation of interleukin-5 production,19_GO:0032501 multicellular organismal process,-3.2,17,6.8,21160,21,177,3,1.7,0.97,13861|14728|16842,Epx|Lilrb4a|Lef1,-0.76,MyList
Reactome Gene Sets,6,R-MMU-140875,Common Pathway of Fibrin Clot Formation,,-3.2,17,6.8,21160,21,177,3,1.7,0.97,19124|68891|74145,Procr|Cd177|F13a1,-0.76,MyList
GO Biological Processes,19,GO:0042110,T cell activation,19_GO:0002376 immune system process,-3.2,3.2,4.1,21160,410,177,11,6.2,1.8,12487|12504|12769|14728|16182|16842|18089|19373|19419|20555|26888,Cd28|Cd4|Ccr9|Lilrb4a|Il18r1|Lef1|Nkx2-3|Rag1|Rasgrp1|Slfn1|Clec4a2,-0.76,MyList
GO Biological Processes,19,GO:0043542,endothelial cell migration,19_GO:0009987 cellular process,-3.2,7.1,5.2,21160,84,177,5,2.8,1.2,11501|14314|15370|20201|20202,Adam8|Fstl1|Nr4a1|S100a8|S100a9,-0.76,MyList
GO Biological Processes,19,GO:0046631,alpha-beta T cell activation,19_GO:0002376 immune system process,-3.2,5.6,4.8,21160,127,177,6,3.4,1.4,12487|14728|16182|16842|18089|26888,Cd28|Lilrb4a|Il18r1|Lef1|Nkx2-3|Clec4a2,-0.76,MyList
GO Biological Processes,19,GO:0046596,regulation of viral entry into host cell,19_GO:0016032 viral process,-3.1,9.8,5.6,21160,49,177,4,2.3,1.1,12504|14134|213002|244183,Cd4|Fcnb|Ifitm6|Trim30b,-0.76,MyList
GO Biological Processes,19,GO:0006959,humoral immune response,19_GO:0002376 immune system process,-3.1,3.7,4.3,21160,289,177,9,5.1,1.7,12796|14134|16016|17002|20202|20305|66107|238447|404711,Camp|Fcnb|Ighg2b|Ltf|S100a9|Ccl6|Wfdc21|Igha|Ighg2c,-0.76,MyList
GO Biological Processes,19,GO:0050830,defense response to Gram-positive bacterium,19_GO:0044419 biological process involved in interspecies interaction between organisms,-3.1,4.7,4.6,21160,178,177,7,4,1.5,12796|13586|13587|14191|17002|17105|57757,Camp|Ear1|Ear2|Fgr|Ltf|Lyz2|Pglyrp2,-0.76,MyList
GO Biological Processes,19,GO:1903131,mononuclear cell differentiation,19_GO:0032502 developmental process,-3.1,3.2,4.1,21160,415,177,11,6.2,1.8,12487|12504|12769|15900|16071|16182|16842|18089|18574|18733|19373,Cd28|Cd4|Ccr9|Irf8|Igkc|Il18r1|Lef1|Nkx2-3|Pde1b|Pirb|Rag1,-0.76,MyList
GO Biological Processes,19,GO:0052548,regulation of endopeptidase activity,19_GO:0050789 regulation of biological process,-3.1,3.7,4.3,21160,290,177,9,5.1,1.7,15370|17002|17395|19373|20201|20202|21825|22436|208117,Nr4a1|Ltf|Mmp9|Rag1|S100a8|S100a9|Thbs1|Xdh|Aph1b,-0.76,MyList
GO Biological Processes,19,GO:0002251,organ or tissue specific immune response,19_GO:0002376 immune system process,-3.1,7,5.1,21160,86,177,5,2.8,1.2,12796|13586|13587|17002|238447,Camp|Ear1|Ear2|Ltf|Igha,-0.76,MyList
GO Biological Processes,19,GO:2000117,negative regulation of cysteine-type endopeptidase activity,19_GO:0048519 negative regulation of biological process,-3.1,7,5.1,21160,86,177,5,2.8,1.2,15370|17002|17395|19373|21825,Nr4a1|Ltf|Mmp9|Rag1|Thbs1,-0.76,MyList
GO Biological Processes,19,GO:0032693,negative regulation of interleukin-10 production,19_GO:0048519 negative regulation of biological process,-3.1,16,6.6,21160,22,177,3,1.7,0.97,13861|14728|19074,Epx|Lilrb4a|Prg2,-0.76,MyList
GO Biological Processes,19,GO:0032814,regulation of natural killer cell activation,19_GO:0002376 immune system process,-3.1,9.6,5.6,21160,50,177,4,2.3,1.1,14191|14728|19419|57757,Fgr|Lilrb4a|Rasgrp1|Pglyrp2,-0.76,MyList
GO Biological Processes,19,GO:0009636,response to toxic substance,19_GO:0050896 response to stimulus,-3.1,4.1,4.4,21160,234,177,8,4.5,1.6,13861|14871|16819|20201|20202|74104|99382|226781,Epx|Gstt1|Lcn2|S100a8|S100a9|Abcb6|Abtb2|Slc30a10,-0.76,MyList
GO Biological Processes,19,GO:0002687,positive regulation of leukocyte migration,19_GO:0040011 locomotion,-3.1,4.6,4.5,21160,180,177,7,4,1.5,11501|12768|14289|17395|19204|21825|27226,Adam8|Ccr1|Fpr2|Mmp9|Ptafr|Thbs1|Pla2g7,-0.76,MyList
GO Biological Processes,19,GO:0050766,positive regulation of phagocytosis,19_GO:0051179 localization,-3.1,6.9,5,21160,87,177,5,2.8,1.2,14134|14289|16016|216190|246746,Fcnb|Fpr2|Ighg2b|Appl2|Cd300lf,-0.76,MyList
Reactome Gene Sets,6,R-MMU-388396,GPCR downstream signalling,,-3.1,2.8,3.9,21160,556,177,13,7.3,2,11555|12768|12769|12771|14289|18574|19204|20305|23939|54393|78826|328967|380921,Adrb2|Ccr1|Ccr9|Ccr3|Fpr2|Pde1b|Ptafr|Ccl6|Mapk7|Gabbr1|P2ry10|Arhgef37|Dgkh,-0.76,MyList
GO Biological Processes,19,GO:0045637,regulation of myeloid cell differentiation,19_GO:0002376 immune system process,-3.1,4.1,4.3,21160,236,177,8,4.5,1.6,11501|12504|12768|14728|16842|17002|20259|93686,Adam8|Cd4|Ccr1|Lilrb4a|Lef1|Ltf|Scin|Rbfox2,-0.75,MyList
GO Biological Processes,19,GO:0042113,B cell activation,19_GO:0002376 immune system process,-3.1,4,4.3,21160,237,177,8,4.5,1.6,15900|16071|16842|18089|19373|19419|240754|242248,Irf8|Igkc|Lef1|Nkx2-3|Rag1|Rasgrp1|Lax1|Bank1,-0.74,MyList
GO Biological Processes,19,GO:0002833,positive regulation of response to biotic stimulus,19_GO:0048518 positive regulation of biological process,-3,3.3,4.1,21160,361,177,10,5.6,1.7,11501|14134|14289|17002|17084|19419|233046|244183|246746|414084,Adam8|Fcnb|Fpr2|Ltf|Ly86|Rasgrp1|Rasgrp4|Trim30b|Cd300lf|Tnip3,-0.72,MyList
GO Biological Processes,19,GO:0002573,myeloid leukocyte differentiation,19_GO:0032502 developmental process,-3,4.5,4.4,21160,187,177,7,4,1.5,11501|12504|16842|18089|18574|18733|246746,Adam8|Cd4|Lef1|Nkx2-3|Pde1b|Pirb|Cd300lf,-0.7,MyList
Reactome Gene Sets,6,R-MMU-5668599,RHO GTPases Activate NADPH Oxidases,,-3,15,6.3,21160,24,177,3,1.7,0.97,13058|20201|20202,Cybb|S100a8|S100a9,-0.7,MyList
GO Biological Processes,19,GO:0052372,modulation by symbiont of entry into host,19_GO:0044419 biological process involved in interspecies interaction between organisms,-3,8.9,5.3,21160,54,177,4,2.3,1.1,12504|14134|213002|244183,Cd4|Fcnb|Ifitm6|Trim30b,-0.68,MyList
GO Biological Processes,19,GO:0050792,regulation of viral process,19_GO:0016032 viral process,-3,4.4,4.3,21160,189,177,7,4,1.5,12504|14134|17002|23962|213002|244183|246728,Cd4|Fcnb|Ltf|Oasl2|Ifitm6|Trim30b|Oas2,-0.68,MyList
KEGG Pathway,24,mmu04657,IL-17 signaling pathway - Mus musculus (house mouse),,-3,6.4,4.8,21160,93,177,5,2.8,1.2,16819|17395|20201|20202|23939,Lcn2|Mmp9|S100a8|S100a9|Mapk7,-0.67,MyList
GO Biological Processes,19,GO:0006956,complement activation,19_GO:0002376 immune system process,-2.9,8.7,5.2,21160,55,177,4,2.3,1.1,14134|16016|238447|404711,Fcnb|Ighg2b|Igha|Ighg2c,-0.66,MyList
KEGG Pathway,24,mmu04061,Viral protein interaction with cytokine and cytokine receptor - Mus musculus (house mouse),,-2.9,6.3,4.7,21160,95,177,5,2.8,1.2,12768|12769|12771|16182|20305,Ccr1|Ccr9|Ccr3|Il18r1|Ccl6,-0.65,MyList
GO Biological Processes,19,GO:1902105,regulation of leukocyte differentiation,19_GO:0002376 immune system process,-2.9,3.2,3.9,21160,373,177,10,5.6,1.7,11501|12487|12504|12768|14728|16842|17002|19373|19419|57757,Adam8|Cd28|Cd4|Ccr1|Lilrb4a|Lef1|Ltf|Rag1|Rasgrp1|Pglyrp2,-0.65,MyList
GO Biological Processes,19,GO:0002696,positive regulation of leukocyte activation,19_GO:0002376 immune system process,-2.9,3.2,3.9,21160,377,177,10,5.6,1.7,11501|12182|12487|12504|14728|16842|17394|19373|19419|21825,Adam8|Bst1|Cd28|Cd4|Lilrb4a|Lef1|Mmp8|Rag1|Rasgrp1|Thbs1,-0.62,MyList
GO Biological Processes,19,GO:0002705,positive regulation of leukocyte mediated immunity,19_GO:0002376 immune system process,-2.9,4.2,4.2,21160,197,177,7,4,1.5,12487|16016|16182|19204|19419|68891|233046,Cd28|Ighg2b|Il18r1|Ptafr|Rasgrp1|Cd177|Rasgrp4,-0.6,MyList
Reactome Gene Sets,6,R-MMU-372790,Signaling by GPCR,,-2.9,2.6,3.7,21160,589,177,13,7.3,2,11555|12768|12769|12771|14289|18574|19204|20305|23939|54393|78826|328967|380921,Adrb2|Ccr1|Ccr9|Ccr3|Fpr2|Pde1b|Ptafr|Ccl6|Mapk7|Gabbr1|P2ry10|Arhgef37|Dgkh,-0.6,MyList
GO Biological Processes,19,GO:0002703,regulation of leukocyte mediated immunity,19_GO:0002376 immune system process,-2.8,3.4,3.9,21160,317,177,9,5.1,1.7,12487|14191|14728|16016|16182|19204|19419|68891|233046,Cd28|Fgr|Lilrb4a|Ighg2b|Il18r1|Ptafr|Rasgrp1|Cd177|Rasgrp4,-0.6,MyList
GO Biological Processes,19,GO:0090026,positive regulation of monocyte chemotaxis,19_GO:0040011 locomotion,-2.8,13,5.9,21160,27,177,3,1.7,0.97,12768|14289|27226,Ccr1|Fpr2|Pla2g7,-0.6,MyList
GO Biological Processes,19,GO:0032753,positive regulation of interleukin-4 production,19_GO:0048518 positive regulation of biological process,-2.8,13,5.9,21160,27,177,3,1.7,0.97,12487|13861|19074,Cd28|Epx|Prg2,-0.6,MyList
GO Biological Processes,19,GO:0002685,regulation of leukocyte migration,19_GO:0040011 locomotion,-2.8,3.7,4,21160,257,177,8,4.5,1.6,11501|12182|12768|14289|17395|19204|21825|27226,Adam8|Bst1|Ccr1|Fpr2|Mmp9|Ptafr|Thbs1|Pla2g7,-0.59,MyList
GO Biological Processes,19,GO:0052547,regulation of peptidase activity,19_GO:0050789 regulation of biological process,-2.8,3.4,3.9,21160,319,177,9,5.1,1.7,15370|17002|17395|19373|20201|20202|21825|22436|208117,Nr4a1|Ltf|Mmp9|Rag1|S100a8|S100a9|Thbs1|Xdh|Aph1b,-0.59,MyList
GO Biological Processes,19,GO:1990748,cellular detoxification,19_GO:0098754 detoxification,-2.8,6,4.6,21160,100,177,5,2.8,1.2,13861|14871|20201|20202|74104,Epx|Gstt1|S100a8|S100a9|Abcb6,-0.59,MyList
GO Biological Processes,19,GO:0097530,granulocyte migration,19_GO:0002376 immune system process,-2.8,6,4.6,21160,100,177,5,2.8,1.2,12771|13861|20201|20202|68891,Ccr3|Epx|S100a8|S100a9|Cd177,-0.59,MyList
GO Biological Processes,19,GO:0120162,positive regulation of cold-induced thermogenesis,19_GO:0042592 homeostatic process,-2.8,5.9,4.6,21160,101,177,5,2.8,1.2,11423|11555|16819|19017|216190,Ache|Adrb2|Lcn2|Ppargc1a|Appl2,-0.58,MyList
GO Biological Processes,19,GO:0032496,response to lipopolysaccharide,19_GO:0044419 biological process involved in interspecies interaction between organisms,-2.8,2.9,3.7,21160,455,177,11,6.2,1.8,12796|14728|15370|15900|17084|17394|19204|20201|66107|215257|414084,Camp|Lilrb4a|Nr4a1|Irf8|Ly86|Mmp8|Ptafr|S100a8|Wfdc21|Il36g|Tnip3,-0.58,MyList
GO Biological Processes,19,GO:0002523,leukocyte migration involved in inflammatory response,19_GO:0002376 immune system process,-2.8,13,5.7,21160,28,177,3,1.7,0.97,11501|20201|20202,Adam8|S100a8|S100a9,-0.58,MyList
GO Biological Processes,19,GO:0030098,lymphocyte differentiation,19_GO:0002376 immune system process,-2.8,3.3,3.9,21160,325,177,9,5.1,1.7,12487|12504|12769|15900|16071|16182|16842|18089|19373,Cd28|Cd4|Ccr9|Irf8|Igkc|Il18r1|Lef1|Nkx2-3|Rag1,-0.56,MyList
GO Biological Processes,19,GO:0120161,regulation of cold-induced thermogenesis,19_GO:0042592 homeostatic process,-2.8,4.8,4.2,21160,151,177,6,3.4,1.4,11423|11555|16182|16819|19017|216190,Ache|Adrb2|Il18r1|Lcn2|Ppargc1a|Appl2,-0.56,MyList
WikiPathways,27,WP441,Matrix metalloproteinases,,-2.7,12,5.6,21160,29,177,3,1.7,0.97,17394|17395|240047,Mmp8|Mmp9|Mmp25,-0.55,MyList
GO Biological Processes,19,GO:0045089,positive regulation of innate immune response,19_GO:0044419 biological process involved in interspecies interaction between organisms,-2.7,3.3,3.8,21160,329,177,9,5.1,1.7,11501|14134|14289|17002|19419|233046|244183|246746|414084,Adam8|Fcnb|Fpr2|Ltf|Rasgrp1|Rasgrp4|Trim30b|Cd300lf|Tnip3,-0.53,MyList
GO Biological Processes,19,GO:0002253,activation of immune response,19_GO:0002376 immune system process,-2.7,3,3.7,21160,395,177,10,5.6,1.7,12487|14134|14289|16016|238447|240754|244183|246746|404711|414084,Cd28|Fcnb|Fpr2|Ighg2b|Igha|Lax1|Trim30b|Cd300lf|Ighg2c|Tnip3,-0.53,MyList
GO Biological Processes,19,GO:0002761,regulation of myeloid leukocyte differentiation,19_GO:0002376 immune system process,-2.7,4.7,4.2,21160,154,177,6,3.4,1.4,11501|12504|12768|14728|16842|17002,Adam8|Cd4|Ccr1|Lilrb4a|Lef1|Ltf,-0.53,MyList
GO Biological Processes,19,GO:0050729,positive regulation of inflammatory response,19_GO:0048518 positive regulation of biological process,-2.7,4.6,4.2,21160,155,177,6,3.4,1.4,11501|12487|16016|17394|20201|20202,Adam8|Cd28|Ighg2b|Mmp8|S100a8|S100a9,-0.52,MyList
WikiPathways,27,WP458,Inflammatory response pathway,,-2.7,12,5.5,21160,30,177,3,1.7,0.97,12487|12843|21825,Cd28|Col1a2|Thbs1,-0.52,MyList
GO Biological Processes,19,GO:0043410,positive regulation of MAPK cascade,19_GO:0048518 positive regulation of biological process,-2.7,2.7,3.6,21160,539,177,12,6.8,1.9,11501|11555|11687|12504|12768|14289|19419|21825|22436|226781|242248|244183,Adam8|Adrb2|Alox15|Cd4|Ccr1|Fpr2|Rasgrp1|Thbs1|Xdh|Slc30a10|Bank1|Trim30b,-0.52,MyList
GO Biological Processes,19,GO:0045071,negative regulation of viral genome replication,19_GO:0016032 viral process,-2.7,7.5,4.8,21160,64,177,4,2.3,1.1,17002|23962|213002|246728,Ltf|Oasl2|Ifitm6|Oas2,-0.52,MyList
GO Biological Processes,19,GO:0032963,collagen metabolic process,19_GO:0009987 cellular process,-2.7,7.5,4.8,21160,64,177,4,2.3,1.1,12843|17394|17395|240047,Col1a2|Mmp8|Mmp9|Mmp25,-0.52,MyList
GO Biological Processes,19,GO:0071677,positive regulation of mononuclear cell migration,19_GO:0040011 locomotion,-2.7,5.6,4.4,21160,107,177,5,2.8,1.2,11501|12768|14289|21825|27226,Adam8|Ccr1|Fpr2|Thbs1|Pla2g7,-0.52,MyList
GO Biological Processes,19,GO:0050867,positive regulation of cell activation,19_GO:0048518 positive regulation of biological process,-2.7,3,3.7,21160,401,177,10,5.6,1.7,11501|12182|12487|12504|14728|16842|17394|19373|19419|21825,Adam8|Bst1|Cd28|Cd4|Lilrb4a|Lef1|Mmp8|Rag1|Rasgrp1|Thbs1,-0.52,MyList
GO Biological Processes,19,GO:0032653,regulation of interleukin-10 production,19_GO:0032501 multicellular organismal process,-2.7,7.4,4.7,21160,65,177,4,2.3,1.1,12487|13861|14728|19074,Cd28|Epx|Lilrb4a|Prg2,-0.51,MyList
GO Biological Processes,19,GO:0002888,positive regulation of myeloid leukocyte mediated immunity,19_GO:0002376 immune system process,-2.7,12,5.4,21160,31,177,3,1.7,0.97,16016|19204|68891,Ighg2b|Ptafr|Cd177,-0.51,MyList
GO Biological Processes,19,GO:0002237,response to molecule of bacterial origin,19_GO:0044419 biological process involved in interspecies interaction between organisms,-2.7,2.8,3.6,21160,473,177,11,6.2,1.8,12796|14728|15370|15900|17084|17394|19204|20201|66107|215257|414084,Camp|Lilrb4a|Nr4a1|Irf8|Ly86|Mmp8|Ptafr|S100a8|Wfdc21|Il36g|Tnip3,-0.51,MyList
GO Biological Processes,19,GO:0030335,positive regulation of cell migration,19_GO:0040011 locomotion,-2.6,2.5,3.5,21160,621,177,13,7.3,2,11501|12768|14191|14289|16819|16842|17395|19204|20305|20620|21825|27226|108151,Adam8|Ccr1|Fgr|Fpr2|Lcn2|Lef1|Mmp9|Ptafr|Ccl6|Plk2|Thbs1|Pla2g7|Sema3d,-0.5,MyList
GO Biological Processes,19,GO:0030217,T cell differentiation,19_GO:0002376 immune system process,-2.6,3.9,3.9,21160,215,177,7,4,1.5,12487|12504|12769|16182|16842|18089|19373,Cd28|Cd4|Ccr9|Il18r1|Lef1|Nkx2-3|Rag1,-0.5,MyList
GO Biological Processes,19,GO:1903038,negative regulation of leukocyte cell-cell adhesion,19_GO:0048519 negative regulation of biological process,-2.6,4.5,4.1,21160,160,177,6,3.4,1.4,11501|14728|20555|20971|208154|240754,Adam8|Lilrb4a|Slfn1|Sdc4|Btla|Lax1,-0.49,MyList
GO Biological Processes,19,GO:0050727,regulation of inflammatory response,19_GO:0050896 response to stimulus,-2.6,2.9,3.6,21160,407,177,10,5.6,1.7,11501|11687|12182|12487|14289|16016|17394|20201|20202|57757,Adam8|Alox15|Bst1|Cd28|Fpr2|Ighg2b|Mmp8|S100a8|S100a9|Pglyrp2,-0.49,MyList
GO Biological Processes,19,GO:0071276,cellular response to cadmium ion,19_GO:0050896 response to stimulus,-2.6,11,5.3,21160,32,177,3,1.7,0.97,13058|17395|74104,Cybb|Mmp9|Abcb6,-0.48,MyList
GO Biological Processes,19,GO:0060627,regulation of vesicle-mediated transport,19_GO:0051179 localization,-2.6,2.5,3.4,21160,628,177,13,7.3,2,11687|13821|14134|14191|14289|16016|19204|20620|20971|68891|216190|241062|246746,Alox15|Epb41l1|Fcnb|Fgr|Fpr2|Ighg2b|Ptafr|Plk2|Sdc4|Cd177|Appl2|Pgap1|Cd300lf,-0.47,MyList
GO Biological Processes,19,GO:1903039,positive regulation of leukocyte cell-cell adhesion,19_GO:0048518 positive regulation of biological process,-2.6,3.4,3.7,21160,279,177,8,4.5,1.6,11501|12487|12504|14728|16842|19204|19373|19419,Adam8|Cd28|Cd4|Lilrb4a|Lef1|Ptafr|Rag1|Rasgrp1,-0.47,MyList
GO Biological Processes,19,GO:0022408,negative regulation of cell-cell adhesion,19_GO:0048519 negative regulation of biological process,-2.6,3.8,3.9,21160,219,177,7,4,1.5,11501|14728|20555|20971|23939|208154|240754,Adam8|Lilrb4a|Slfn1|Sdc4|Mapk7|Btla|Lax1,-0.47,MyList
GO Biological Processes,19,GO:0070098,chemokine-mediated signaling pathway,19_GO:0050896 response to stimulus,-2.6,7,4.6,21160,68,177,4,2.3,1.1,12768|12769|12771|20305,Ccr1|Ccr9|Ccr3|Ccl6,-0.47,MyList
GO Biological Processes,19,GO:0035455,response to interferon-alpha,19_GO:0050896 response to stimulus,-2.6,11,5.2,21160,33,177,3,1.7,0.97,15957|21822|213002,Ifit1|Tgtp1|Ifitm6,-0.46,MyList
GO Biological Processes,19,GO:0031664,regulation of lipopolysaccharide-mediated signaling pathway,19_GO:0044419 biological process involved in interspecies interaction between organisms,-2.6,11,5.2,21160,33,177,3,1.7,0.97,17002|17084|244183,Ltf|Ly86|Trim30b,-0.46,MyList
GO Biological Processes,19,GO:1903708,positive regulation of hemopoiesis,19_GO:0002376 immune system process,-2.6,3.8,3.8,21160,221,177,7,4,1.5,11501|12504|12768|14728|16842|19373|19419,Adam8|Cd4|Ccr1|Lilrb4a|Lef1|Rag1|Rasgrp1,-0.46,MyList
GO Biological Processes,19,GO:1902107,positive regulation of leukocyte differentiation,19_GO:0002376 immune system process,-2.6,3.8,3.8,21160,221,177,7,4,1.5,11501|12504|12768|14728|16842|19373|19419,Adam8|Cd4|Ccr1|Lilrb4a|Lef1|Rag1|Rasgrp1,-0.46,MyList
GO Biological Processes,19,GO:0002227,innate immune response in mucosa,19_GO:0044419 biological process involved in interspecies interaction between organisms,-2.6,6.9,4.5,21160,69,177,4,2.3,1.1,12796|13586|13587|17002,Camp|Ear1|Ear2|Ltf,-0.46,MyList
GO Biological Processes,19,GO:0035458,cellular response to interferon-beta,19_GO:0050896 response to stimulus,-2.5,6.8,4.5,21160,70,177,4,2.3,1.1,15957|21822|60440|620913,Ifit1|Tgtp1|Iigp1|Gm12185,-0.44,MyList
GO Biological Processes,19,GO:0034121,regulation of toll-like receptor signaling pathway,19_GO:0044419 biological process involved in interspecies interaction between organisms,-2.5,11,5.1,21160,34,177,3,1.7,0.97,20201|20202|246746,S100a8|S100a9|Cd300lf,-0.44,MyList
GO Biological Processes,19,GO:0030100,regulation of endocytosis,19_GO:0051179 localization,-2.5,3.1,3.6,21160,352,177,9,5.1,1.7,11687|14134|14191|14289|16016|20620|68891|216190|246746,Alox15|Fcnb|Fgr|Fpr2|Ighg2b|Plk2|Cd177|Appl2|Cd300lf,-0.43,MyList
GO Biological Processes,19,GO:0002719,negative regulation of cytokine production involved in immune response,19_GO:0002376 immune system process,-2.5,10,5,21160,35,177,3,1.7,0.97,13861|14728|19074,Epx|Lilrb4a|Prg2,-0.42,MyList
GO Biological Processes,19,GO:0046597,negative regulation of viral entry into host cell,19_GO:0016032 viral process,-2.5,10,5,21160,35,177,3,1.7,0.97,14134|213002|244183,Fcnb|Ifitm6|Trim30b,-0.42,MyList
GO Biological Processes,19,GO:0090025,regulation of monocyte chemotaxis,19_GO:0040011 locomotion,-2.5,10,5,21160,35,177,3,1.7,0.97,12768|14289|27226,Ccr1|Fpr2|Pla2g7,-0.42,MyList
GO Biological Processes,19,GO:0043277,apoptotic cell clearance,19_GO:0051179 localization,-2.5,10,5,21160,35,177,3,1.7,0.97,11687|14134|21825,Alox15|Fcnb|Thbs1,-0.42,MyList
GO Biological Processes,19,GO:0042060,wound healing,19_GO:0050896 response to stimulus,-2.5,3.3,3.6,21160,290,177,8,4.5,1.6,11687|13518|14728|19124|20971|74145|76905|226101,Alox15|Dst|Lilrb4a|Procr|Sdc4|F13a1|Lrg1|Myof,-0.42,MyList
WikiPathways,27,WP189,GPCRs class A rhodopsin like,,-2.5,3.7,3.7,21160,228,177,7,4,1.5,11555|12768|12769|12771|14289|19204|54393,Adrb2|Ccr1|Ccr9|Ccr3|Fpr2|Ptafr|Gabbr1,-0.42,MyList
GO Biological Processes,19,GO:0098869,cellular oxidant detoxification,19_GO:0098754 detoxification,-2.5,6.6,4.4,21160,73,177,4,2.3,1.1,13861|14871|20201|20202,Epx|Gstt1|S100a8|S100a9,-0.41,MyList
GO Biological Processes,19,GO:1903556,negative regulation of tumor necrosis factor superfamily cytokine production,19_GO:0048519 negative regulation of biological process,-2.5,6.6,4.4,21160,73,177,4,2.3,1.1,14728|17002|26888|225884,Lilrb4a|Ltf|Clec4a2|Gstp3,-0.41,MyList
GO Biological Processes,19,GO:0050869,negative regulation of B cell activation,19_GO:0002376 immune system process,-2.5,10,4.9,21160,36,177,3,1.7,0.97,14728|208154|242248,Lilrb4a|Btla|Bank1,-0.41,MyList
GO Biological Processes,19,GO:0030574,collagen catabolic process,19_GO:0009987 cellular process,-2.5,10,4.9,21160,36,177,3,1.7,0.97,17394|17395|240047,Mmp8|Mmp9|Mmp25,-0.41,MyList
Reactome Gene Sets,6,R-MMU-140877,Formation of Fibrin Clot (Clotting Cascade),,-2.5,10,4.9,21160,36,177,3,1.7,0.97,19124|68891|74145,Procr|Cd177|F13a1,-0.41,MyList
GO Biological Processes,19,GO:2000147,positive regulation of cell motility,19_GO:0040011 locomotion,-2.5,2.4,3.3,21160,651,177,13,7.3,2,11501|12768|14191|14289|16819|16842|17395|19204|20305|20620|21825|27226|108151,Adam8|Ccr1|Fgr|Fpr2|Lcn2|Lef1|Mmp9|Ptafr|Ccl6|Plk2|Thbs1|Pla2g7|Sema3d,-0.41,MyList
GO Biological Processes,19,GO:0050878,regulation of body fluid levels,19_GO:0065007 biological regulation,-2.5,3,3.5,21160,360,177,9,5.1,1.7,11555|14728|18089|19124|20202|21825|22436|74145|246728,Adrb2|Lilrb4a|Nkx2-3|Procr|S100a9|Thbs1|Xdh|F13a1|Oas2,-0.41,MyList
GO Biological Processes,19,GO:0045619,regulation of lymphocyte differentiation,19_GO:0002376 immune system process,-2.5,3.6,3.7,21160,233,177,7,4,1.5,11501|12487|14728|16842|19373|19419|57757,Adam8|Cd28|Lilrb4a|Lef1|Rag1|Rasgrp1|Pglyrp2,-0.39,MyList
GO Biological Processes,19,GO:0051896,regulation of phosphatidylinositol 3-kinase/protein kinase B signal transduction,19_GO:0050896 response to stimulus,-2.4,3.2,3.5,21160,297,177,8,4.5,1.6,11501|12487|14191|19419|21825|22436|83557|242248,Adam8|Cd28|Fgr|Rasgrp1|Thbs1|Xdh|Lin28a|Bank1,-0.39,MyList
GO Biological Processes,19,GO:0002886,regulation of myeloid leukocyte mediated immunity,19_GO:0002376 immune system process,-2.4,6.4,4.3,21160,75,177,4,2.3,1.1,14191|16016|19204|68891,Fgr|Ighg2b|Ptafr|Cd177,-0.39,MyList
GO Biological Processes,19,GO:0043302,positive regulation of leukocyte degranulation,19_GO:0002376 immune system process,-2.4,9.7,4.9,21160,37,177,3,1.7,0.97,14191|19204|68891,Fgr|Ptafr|Cd177,-0.39,MyList
GO Biological Processes,19,GO:0002768,immune response-regulating cell surface receptor signaling pathway,19_GO:0002376 immune system process,-2.4,3.5,3.6,21160,237,177,7,4,1.5,12487|14134|14289|14728|208154|240754|414084,Cd28|Fcnb|Fpr2|Lilrb4a|Btla|Lax1|Tnip3,-0.36,MyList
Reactome Gene Sets,6,R-MMU-1474228,Degradation of the extracellular matrix,,-2.4,4.8,3.9,21160,124,177,5,2.8,1.2,11501|12843|17394|17395|240047,Adam8|Col1a2|Mmp8|Mmp9|Mmp25,-0.36,MyList
GO Biological Processes,19,GO:0006958,"complement activation, classical pathway",19_GO:0002376 immune system process,-2.4,9.4,4.8,21160,38,177,3,1.7,0.97,16016|238447|404711,Ighg2b|Igha|Ighg2c,-0.36,MyList
GO Biological Processes,19,GO:0040017,positive regulation of locomotion,19_GO:0040011 locomotion,-2.4,2.3,3.2,21160,668,177,13,7.3,2,11501|12768|14191|14289|16819|16842|17395|19204|20305|20620|21825|27226|108151,Adam8|Ccr1|Fgr|Fpr2|Lcn2|Lef1|Mmp9|Ptafr|Ccl6|Plk2|Thbs1|Pla2g7|Sema3d,-0.34,MyList
GO Biological Processes,19,GO:0001776,leukocyte homeostasis,19_GO:0042592 homeostatic process,-2.4,4.7,3.8,21160,127,177,5,2.8,1.2,14013|14728|18089|18733|19373,Mecom|Lilrb4a|Nkx2-3|Pirb|Rag1,-0.33,MyList
GO Biological Processes,19,GO:1990868,response to chemokine,19_GO:0050896 response to stimulus,-2.4,6.1,4.1,21160,79,177,4,2.3,1.1,12768|12769|12771|20305,Ccr1|Ccr9|Ccr3|Ccl6,-0.33,MyList
GO Biological Processes,19,GO:1990869,cellular response to chemokine,19_GO:0050896 response to stimulus,-2.4,6.1,4.1,21160,79,177,4,2.3,1.1,12768|12769|12771|20305,Ccr1|Ccr9|Ccr3|Ccl6,-0.33,MyList
GO Biological Processes,19,GO:1903901,negative regulation of viral life cycle,19_GO:0016032 viral process,-2.3,9,4.6,21160,40,177,3,1.7,0.97,14134|213002|244183,Fcnb|Ifitm6|Trim30b,-0.31,MyList
GO Biological Processes,19,GO:0045766,positive regulation of angiogenesis,19_GO:0032502 developmental process,-2.3,3.9,3.6,21160,184,177,6,3.4,1.4,12771|12796|13058|17395|21825|76905,Ccr3|Camp|Cybb|Mmp9|Thbs1|Lrg1,-0.31,MyList
GO Biological Processes,19,GO:0045582,positive regulation of T cell differentiation,19_GO:0002376 immune system process,-2.3,4.6,3.8,21160,129,177,5,2.8,1.2,11501|14728|16842|19373|19419,Adam8|Lilrb4a|Lef1|Rag1|Rasgrp1,-0.31,MyList
GO Biological Processes,19,GO:0009615,response to virus,19_GO:0044419 biological process involved in interspecies interaction between organisms,-2.3,2.8,3.3,21160,378,177,9,5.1,1.7,15957|16819|17086|21822|23962|67775|213002|244183|246728,Ifit1|Lcn2|Ncr1|Tgtp1|Oasl2|Rtp4|Ifitm6|Trim30b|Oas2,-0.31,MyList
GO Biological Processes,19,GO:1904018,positive regulation of vasculature development,19_GO:0032502 developmental process,-2.3,3.8,3.6,21160,187,177,6,3.4,1.4,12771|12796|13058|17395|21825|76905,Ccr3|Camp|Cybb|Mmp9|Thbs1|Lrg1,-0.28,MyList
GO Biological Processes,19,GO:0042130,negative regulation of T cell proliferation,19_GO:0002376 immune system process,-2.3,5.8,4,21160,82,177,4,2.3,1.1,14728|20555|20971|208154,Lilrb4a|Slfn1|Sdc4|Btla,-0.28,MyList
GO Biological Processes,19,GO:0032649,regulation of type II interferon production,19_GO:0032501 multicellular organismal process,-2.3,4.5,3.7,21160,132,177,5,2.8,1.2,14728|15900|16182|19419|57757,Lilrb4a|Irf8|Il18r1|Rasgrp1|Pglyrp2,-0.28,MyList
GO Biological Processes,19,GO:0060325,face morphogenesis,19_GO:0032502 developmental process,-2.3,8.5,4.5,21160,42,177,3,1.7,0.97,16842|78892|83691,Lef1|Crispld2|Crispld1,-0.27,MyList
GO Biological Processes,19,GO:0042832,defense response to protozoan,19_GO:0044419 biological process involved in interspecies interaction between organisms,-2.3,8.5,4.5,21160,42,177,3,1.7,0.97,15900|21822|60440,Irf8|Tgtp1|Iigp1,-0.27,MyList
GO Biological Processes,19,GO:0002252,immune effector process,19_GO:0002376 immune system process,-2.3,2.5,3.2,21160,531,177,11,6.2,1.8,14134|15900|16016|16182|16842|18089|18733|19419|238447|404711|780818,Fcnb|Irf8|Ighg2b|Il18r1|Lef1|Nkx2-3|Pirb|Rasgrp1|Igha|Ighg2c|Ighv11-2,-0.27,MyList
GO Biological Processes,19,GO:0050829,defense response to Gram-negative bacterium,19_GO:0044419 biological process involved in interspecies interaction between organisms,-2.3,4.5,3.7,21160,134,177,5,2.8,1.2,12504|12796|17002|17105|60440,Cd4|Camp|Ltf|Lyz2|Iigp1,-0.26,MyList
GO Biological Processes,19,GO:0071222,cellular response to lipopolysaccharide,19_GO:0044419 biological process involved in interspecies interaction between organisms,-2.3,3,3.3,21160,318,177,8,4.5,1.6,12796|14728|15900|17084|17394|19204|215257|414084,Camp|Lilrb4a|Irf8|Ly86|Mmp8|Ptafr|Il36g|Tnip3,-0.26,MyList
GO Biological Processes,19,GO:0050870,positive regulation of T cell activation,19_GO:0002376 immune system process,-2.3,3.3,3.4,21160,253,177,7,4,1.5,11501|12487|12504|14728|16842|19373|19419,Adam8|Cd28|Cd4|Lilrb4a|Lef1|Rag1|Rasgrp1,-0.26,MyList
GO Biological Processes,19,GO:0007162,negative regulation of cell adhesion,19_GO:0048519 negative regulation of biological process,-2.2,3,3.3,21160,322,177,8,4.5,1.6,11501|14728|20555|20971|21825|23939|208154|240754,Adam8|Lilrb4a|Slfn1|Sdc4|Thbs1|Mapk7|Btla|Lax1,-0.23,MyList
GO Biological Processes,19,GO:0061082,myeloid leukocyte cytokine production,19_GO:0002376 immune system process,-2.2,8.2,4.4,21160,44,177,3,1.7,0.97,13861|19074|19419,Epx|Prg2|Rasgrp1,-0.23,MyList
GO Biological Processes,19,GO:0002455,humoral immune response mediated by circulating immunoglobulin,19_GO:0002376 immune system process,-2.2,8.2,4.4,21160,44,177,3,1.7,0.97,16016|238447|404711,Ighg2b|Igha|Ighg2c,-0.23,MyList
KEGG Pathway,24,mmu04970,Salivary secretion - Mus musculus (house mouse),,-2.2,5.5,3.9,21160,87,177,4,2.3,1.1,11555|12182|12796|17105,Adrb2|Bst1|Camp|Lyz2,-0.22,MyList
Reactome Gene Sets,6,R-MMU-416476,G alpha (q) signalling events,,-2.2,3.6,3.4,21160,197,177,6,3.4,1.4,14289|19204|20305|23939|78826|380921,Fpr2|Ptafr|Ccl6|Mapk7|P2ry10|Dgkh,-0.21,MyList
GO Biological Processes,19,GO:0050670,regulation of lymphocyte proliferation,19_GO:0002376 immune system process,-2.2,3.2,3.3,21160,260,177,7,4,1.5,12182|12487|12504|14728|20555|20971|208154,Bst1|Cd28|Cd4|Lilrb4a|Slfn1|Sdc4|Btla,-0.21,MyList
GO Biological Processes,19,GO:0071219,cellular response to molecule of bacterial origin,19_GO:0044419 biological process involved in interspecies interaction between organisms,-2.2,2.9,3.2,21160,327,177,8,4.5,1.6,12796|14728|15900|17084|17394|19204|215257|414084,Camp|Lilrb4a|Irf8|Ly86|Mmp8|Ptafr|Il36g|Tnip3,-0.21,MyList
GO Biological Processes,19,GO:0045580,regulation of T cell differentiation,19_GO:0002376 immune system process,-2.2,3.6,3.4,21160,198,177,6,3.4,1.4,11501|12487|14728|16842|19373|19419,Adam8|Cd28|Lilrb4a|Lef1|Rag1|Rasgrp1,-0.2,MyList
Reactome Gene Sets,6,R-MMU-1474244,Extracellular matrix organization,,-2.2,3.2,3.3,21160,262,177,7,4,1.5,11492|11501|12843|17394|17395|20971|240047,Adam19|Adam8|Col1a2|Mmp8|Mmp9|Sdc4|Mmp25,-0.2,MyList
GO Biological Processes,19,GO:0045807,positive regulation of endocytosis,19_GO:0051179 localization,-2.2,3.6,3.4,21160,199,177,6,3.4,1.4,14134|14289|16016|20620|216190|246746,Fcnb|Fpr2|Ighg2b|Plk2|Appl2|Cd300lf,-0.2,MyList
GO Biological Processes,19,GO:0002701,negative regulation of production of molecular mediator of immune response,19_GO:0002376 immune system process,-2.2,7.8,4.2,21160,46,177,3,1.7,0.97,13861|14728|19074,Epx|Lilrb4a|Prg2,-0.2,MyList
GO Biological Processes,19,GO:0002021,response to dietary excess,19_GO:0042592 homeostatic process,-2.2,7.8,4.2,21160,46,177,3,1.7,0.97,11555|19017|216190,Adrb2|Ppargc1a|Appl2,-0.2,MyList
GO Biological Processes,19,GO:0042129,regulation of T cell proliferation,19_GO:0002376 immune system process,-2.2,3.6,3.4,21160,200,177,6,3.4,1.4,12487|12504|14728|20555|20971|208154,Cd28|Cd4|Lilrb4a|Slfn1|Sdc4|Btla,-0.19,MyList
GO Biological Processes,19,GO:0032944,regulation of mononuclear cell proliferation,19_GO:0050789 regulation of biological process,-2.2,3.2,3.2,21160,265,177,7,4,1.5,12182|12487|12504|14728|20555|20971|208154,Bst1|Cd28|Cd4|Lilrb4a|Slfn1|Sdc4|Btla,-0.18,MyList
GO Biological Processes,19,GO:0002688,regulation of leukocyte chemotaxis,19_GO:0040011 locomotion,-2.1,4.2,3.5,21160,143,177,5,2.8,1.2,12182|12768|14289|21825|27226,Bst1|Ccr1|Fpr2|Thbs1|Pla2g7,-0.18,MyList
GO Biological Processes,19,GO:0050868,negative regulation of T cell activation,19_GO:0002376 immune system process,-2.1,4.2,3.5,21160,143,177,5,2.8,1.2,14728|20555|20971|208154|240754,Lilrb4a|Slfn1|Sdc4|Btla|Lax1,-0.18,MyList
GO Biological Processes,19,GO:0001562,response to protozoan,19_GO:0044419 biological process involved in interspecies interaction between organisms,-2.1,7.6,4.2,21160,47,177,3,1.7,0.97,15900|21822|60440,Irf8|Tgtp1|Iigp1,-0.18,MyList
GO Biological Processes,19,GO:0010951,negative regulation of endopeptidase activity,19_GO:0048519 negative regulation of biological process,-2.1,4.2,3.5,21160,144,177,5,2.8,1.2,15370|17002|17395|19373|21825,Nr4a1|Ltf|Mmp9|Rag1|Thbs1,-0.17,MyList
WikiPathways,27,WP4466,Oxidative stress and redox pathway,,-2.1,5.2,3.7,21160,92,177,4,2.3,1.1,13058|14871|20201|20202,Cybb|Gstt1|S100a8|S100a9,-0.17,MyList
Reactome Gene Sets,6,R-MMU-1592389,Activation of Matrix Metalloproteinases,,-2.1,7.5,4.1,21160,48,177,3,1.7,0.97,17394|17395|240047,Mmp8|Mmp9|Mmp25,-0.16,MyList
Reactome Gene Sets,6,R-MMU-418594,G alpha (i) signalling events,,-2.1,3.1,3.2,21160,269,177,7,4,1.5,12768|12769|12771|14289|18574|20305|54393,Ccr1|Ccr9|Ccr3|Fpr2|Pde1b|Ccl6|Gabbr1,-0.16,MyList
WikiPathways,27,WP1396,GPCRs non odorant,,-2.1,3.1,3.2,21160,269,177,7,4,1.5,11555|12768|12769|12771|19204|54393|78826,Adrb2|Ccr1|Ccr9|Ccr3|Ptafr|Gabbr1|P2ry10,-0.16,MyList
GO Biological Processes,19,GO:0045621,positive regulation of lymphocyte differentiation,19_GO:0002376 immune system process,-2.1,4.1,3.4,21160,146,177,5,2.8,1.2,11501|14728|16842|19373|19419,Adam8|Lilrb4a|Lef1|Rag1|Rasgrp1,-0.16,MyList
GO Biological Processes,19,GO:0045670,regulation of osteoclast differentiation,19_GO:0002376 immune system process,-2.1,5.1,3.7,21160,93,177,4,2.3,1.1,11501|12768|14728|17002,Adam8|Ccr1|Lilrb4a|Ltf,-0.16,MyList
GO Biological Processes,19,GO:0006914,autophagy,19_GO:0009987 cellular process,-2.1,2.8,3.1,21160,339,177,8,4.5,1.6,15900|20201|20202|21822|60440|231931|244183|620913,Irf8|S100a8|S100a9|Tgtp1|Iigp1|Gimap6|Trim30b|Gm12185,-0.16,MyList
GO Biological Processes,19,GO:0061919,process utilizing autophagic mechanism,19_GO:0009987 cellular process,-2.1,2.8,3.1,21160,339,177,8,4.5,1.6,15900|20201|20202|21822|60440|231931|244183|620913,Irf8|S100a8|S100a9|Tgtp1|Iigp1|Gimap6|Trim30b|Gm12185,-0.16,MyList
GO Biological Processes,19,GO:1904645,response to amyloid-beta,19_GO:0050896 response to stimulus,-2.1,7.3,4.1,21160,49,177,3,1.7,0.97,11555|14289|17395,Adrb2|Fpr2|Mmp9,-0.16,MyList
GO Biological Processes,19,GO:0060323,head morphogenesis,19_GO:0032502 developmental process,-2.1,7.3,4.1,21160,49,177,3,1.7,0.97,16842|78892|83691,Lef1|Crispld2|Crispld1,-0.16,MyList
GO Biological Processes,19,GO:0051251,positive regulation of lymphocyte activation,19_GO:0002376 immune system process,-2.1,2.8,3.1,21160,340,177,8,4.5,1.6,11501|12182|12487|12504|14728|16842|19373|19419,Adam8|Bst1|Cd28|Cd4|Lilrb4a|Lef1|Rag1|Rasgrp1,-0.16,MyList
GO Biological Processes,19,GO:0098609,cell-cell adhesion,19_GO:0009987 cellular process,-2.1,2.4,3,21160,488,177,10,5.6,1.7,11501|14735|16842|17967|20201|20202|21825|59308|68891|76905,Adam8|Gpc4|Lef1|Ncam1|S100a8|S100a9|Thbs1|Emcn|Cd177|Lrg1,-0.15,MyList
GO Biological Processes,19,GO:0050864,regulation of B cell activation,19_GO:0002376 immune system process,-2.1,4,3.4,21160,148,177,5,2.8,1.2,12182|12487|14728|208154|242248,Bst1|Cd28|Lilrb4a|Btla|Bank1,-0.15,MyList
KEGG Pathway,24,mmu05418,Fluid shear stress and atherosclerosis - Mus musculus (house mouse),,-2.1,4,3.4,21160,148,177,5,2.8,1.2,14871|17395|20971|23939|225884,Gstt1|Mmp9|Sdc4|Mapk7|Gstp3,-0.15,MyList
KEGG Pathway,24,mmu00983,Drug metabolism - other enzymes - Mus musculus (house mouse),,-2.1,5,3.6,21160,95,177,4,2.3,1.1,14871|22436|72361|225884,Gstt1|Xdh|Ces2g|Gstp3,-0.15,MyList
Reactome Gene Sets,6,R-MMU-1442490,Collagen degradation,,-2.1,7.2,4,21160,50,177,3,1.7,0.97,12843|17394|17395,Col1a2|Mmp8|Mmp9,-0.14,MyList
GO Biological Processes,19,GO:0050672,negative regulation of lymphocyte proliferation,19_GO:0002376 immune system process,-2,4.9,3.6,21160,97,177,4,2.3,1.1,14728|20555|20971|208154,Lilrb4a|Slfn1|Sdc4|Btla,-0.12,MyList
GO Biological Processes,19,GO:0045444,fat cell differentiation,19_GO:0032502 developmental process,-2,3.9,3.3,21160,153,177,5,2.8,1.2,11555|12395|15370|66107|76905,Adrb2|Runx1t1|Nr4a1|Wfdc21|Lrg1,-0.11,MyList
GO Biological Processes,19,GO:0046651,lymphocyte proliferation,19_GO:0002376 immune system process,-2,3.9,3.3,21160,153,177,5,2.8,1.2,12487|14728|16842|19419|20555,Cd28|Lilrb4a|Lef1|Rasgrp1|Slfn1,-0.11,MyList
GO Biological Processes,19,GO:0010762,regulation of fibroblast migration,19_GO:0040011 locomotion,-2,6.9,3.9,21160,52,177,3,1.7,0.97,20971|21825|216190,Sdc4|Thbs1|Appl2,-0.11,MyList
GO Biological Processes,19,GO:0070232,regulation of T cell apoptotic process,19_GO:0050789 regulation of biological process,-2,6.9,3.9,21160,52,177,3,1.7,0.97,11501|19373|243374,Adam8|Rag1|Gimap8,-0.11,MyList
GO Biological Processes,19,GO:0006897,endocytosis,19_GO:0051179 localization,-2,2.4,2.9,21160,500,177,10,5.6,1.7,11423|11555|11687|14134|14728|15900|16016|17910|21825|208943,Ache|Adrb2|Alox15|Fcnb|Lilrb4a|Irf8|Ighg2b|Myo15a|Thbs1|Myo5c,-0.11,MyList
GO Biological Processes,19,GO:0045069,regulation of viral genome replication,19_GO:0016032 viral process,-2,4.8,3.5,21160,99,177,4,2.3,1.1,17002|23962|213002|246728,Ltf|Oasl2|Ifitm6|Oas2,-0.11,MyList
GO Biological Processes,19,GO:0032945,negative regulation of mononuclear cell proliferation,19_GO:0048519 negative regulation of biological process,-2,4.8,3.5,21160,99,177,4,2.3,1.1,14728|20555|20971|208154,Lilrb4a|Slfn1|Sdc4|Btla,-0.11,MyList
GO Biological Processes,19,GO:0006909,phagocytosis,19_GO:0051179 localization,-2,3.9,3.3,21160,154,177,5,2.8,1.2,11687|14134|15900|16016|21825,Alox15|Fcnb|Irf8|Ighg2b|Thbs1,-0.11,MyList
GO Biological Processes,19,GO:0001936,regulation of endothelial cell proliferation,19_GO:0050789 regulation of biological process,-2,3.9,3.3,21160,154,177,5,2.8,1.2,12771|15370|21825|22436|76905,Ccr3|Nr4a1|Thbs1|Xdh|Lrg1,-0.11,MyList
GO Biological Processes,19,GO:0043065,positive regulation of apoptotic process,19_GO:0048518 positive regulation of biological process,-2,2.2,2.8,21160,660,177,12,6.8,1.9,11501|11555|15370|15900|16819|17395|19017|20201|20202|20259|21825|338372,Adam8|Adrb2|Nr4a1|Irf8|Lcn2|Mmp9|Ppargc1a|S100a8|S100a9|Scin|Thbs1|Map3k9,-0.1,MyList
GO Biological Processes,19,GO:0071675,regulation of mononuclear cell migration,19_GO:0040011 locomotion,-2,3.9,3.3,21160,155,177,5,2.8,1.2,11501|12768|14289|21825|27226,Adam8|Ccr1|Fpr2|Thbs1|Pla2g7,-0.1,MyList
